PID,Description,rows
20,Acceleration x; y; z,2049282
10D,Vehicle Speed [km/h],2049273
10C,Engine RPM,2049242
11F,Runtime since engine start [s],2049223
12F,Fuel level input [%],2049211
146,Ambient temperature [C],2049209
149,Acceleration pedal position D [%],2049179
14A,Acceleration pedal position E [%],2049173
A,GPS Latitude [degree],2011915
10,UTC time (HHMMSSmm),2011914
B,GPS Longitude [degree],2011896
C,GPS altitude / auxiliary value,2011896
D,GPS speed / auxiliary value,2011895
F,GPS direction / auxiliary value,2011894
11,UTC date (DDMMYY),167
,,95
�,,45
1499177408,,13
110176787,,13
��,,9
,,3
���,,3
�d,,2
�����,,2
>�,,2
�,,2
����,,2
x,,2
���z,,2
�C^���}q��{�	�(��y��~h�j���c��B�<����W_�}�_'�u�i�S+I��N,,1
"���P�0�8�j2P���9��u""�F�(j)����ȫ�Λ�qɀ]��W�F���N9.",,1
�_��w��̢�>�/4NGq�e���6g�,,1
D�,,1
ँ`I���=4Y����ղqj�נ��_kZ�,,1
�T^��&,,1
"��'4���T���7�""ߐ��",,1
jc�͊C�Ay),,1
�mN����e7�r}B��C��(_�X��,,1
A�6��,,1
Sϔ���/8eN��,,1
LWx,,1
%+B�c��)G�G���{PM|��`,,1
�2F}��T��?M9C՝&)����?�	cʏ�P��c�&��P$��݅d�#nk���,,1
KU�{�b�Ce&߼��=^(g�ti�n�ZN���u>��N`J��>g��D�O���,,1
t���߿[o���,,1
'�������ޮ؜�|-k�,,1
��(O�o�W�se��$k������ykƣ�p�V�Ǌ��O��Wˬ4?,,1
hm��/eA�0,,1
jq�.3GIF--evn�њq�������dI�՟�Bf����7�u�jNu:��֦�Dk,,1
q!S.�,,1
����œW,,1
�B7���r~B,,1
z��UM�����)�0'C��������{`�kǹdɲ�Fb������ndlqs�1�1,,1
��!tk���@|½�?��,,1
��acb�'EN�����\�XB�ݶ����a������80�/��1XӼ;YhhCn����'Tb�,,1
"S��%��7�""�",,1
f/�V9U/�XU�+ft/wvc�%�i?���r��k�5�,,1
Q�;�	<V��x�4�p���'����;�t&��^��Kz]�%�v�d�RÒ,,1
�Λ��D�M�`|�JA�<�j����i�M�DדG�a���A.u;��VL��.tuDWϏn������,,1
;)�z�:Pç�$�5ǻ/��h�x�ؒ�GE	�vV�a&�,,1
>=���Q��:��<�=6�Z,,1
��Ť�k���f1��M�}�;���n|5dҡ����?p^�,,1
�Ӻ��EI���Pބ cBR�c��R�e�R�EvH�Wy���曬G���m���Ed�,,1
i�e%z��P��WyU��P̚Fa���n�bu{�v����߄���,,1
�X�7	���W�&��B~Ǻ	��_r�ճu�X�,,1
��H�5/e5��g���	LPr燖1,,1
"G��""�#���N2M4��)fvV���-x0�0�.� Zb�3���i��y�A���U��8",,1
������Tl���YJ�+�,,1
"<�D�1��;�C��""��3�)�Dˈ�H?v*�O�ۀz�}X�G�yd���(�3�0�[*Sg��3[�Z�!��",,1
ϫ��u<,,1
�%�k���ڗ@�cÙ����<�.�4>=�OE2Jj�����|���vf��Ц�L��g1s����$�;:ZV�����۝�XC\Zܪ,,1
ȕev3��3��w�+=�,,1
�SE,,1
BQD����,,1
'�}Uh��_�!��FJ�~�����Ͳg����f��<=1�Y�\��%U2d�Ё��ҎF8� уw(����x�,,1
V-WUb	���p��g�Y�,,1
/����ݷ���u��׌@��g��,,1
�P�a΃^$�[t3C����o,,1
��iC,,1
lZ�+V���AT�O�&�,,1
���)�������XǎO,,1
��5���.4Nc��o���,,1
y���@T,,1
��2!]�	���JO��S~�%�Ki�'����5�!?.�ʹU�i�5Z],,1
���}��Z-�f��5W�\|w�I�?R��k_^�Ɔ�9�>����>�k&�,,1
6��麁�?�V�QN����[��&uU<���h���{1,,1
cB�d�$���2	2�F�y�.�I�,,1
_ģ��dF5��Xa]7���S��,,1
�-�!�@0��R�u��M�}�j_�>`ⓜ.�fq�0�1��,,1
"��;F���*�٫puϬ�&i^ԖhSJA���܊1d�p����W�g�ˋ7B""J\��Q0=�W���s(Μ�",,1
6}��W��:Q�b�����F��bf���BF����|����:1�g~c�,,1
/a�n2,,1
Y)�Un�ٌ���dlkh�o�#���sq�q�R	S,,1
"�a{7� �w�n�""�",,1
��æ����B󓄪�N�oB��89N>�F��,,1
��Pu˔��#j7u�*!���_@۽�<6�f��n�k�ʊ,,1
������������y_g\�_ ce84�Ww��/,,1
p�W�<\d�$w؄�c�$ZD�����m,,1
#܉�U�3�14�q���.	���2~�딀���T��N}�cO��%�,,1
�*�z�=$~�X'J�T��I+,,1
��Z,,1
�Aò5��������,,1
Y�΁O,,1
ܲ�d�s�H�2�m��@d�^�9�⳱Y�,,1
��@2ή,,1
"���Rp���ʱ��T���'�k""x�\�'��D�dx",,1
�m���I���,,1
�Ȝ��� 湿����&n��	0��b?�6�z�v>O�=?�R��VV���K��e1��u�ۯ�׆��?RK,,1
Sg7K	����N8�ur��u	����4�|$��/v��}�)�|���,,1
$�3�	Xt���Y��E��pX�%�h0`}�,,1
��)�E�,,1
�i^��W��6rK�����Y6�)���*tZ��4��(�n�u}��ߍ�ДW�Z�,,1
3�dN���B�%�'ԇ�͈��8�CK���d�sZH+��>��p�:N6�Q�]��J�f[�cDʷ4^,,1
��#,,1
�Ŷ�{�0���W�#N��,,1
"훯�x�H���nْV�q""�+���O4j�%|9�t��Y(ɿfՕ���vX�U!d�*�����=î_�*'�)�u�",,1
���Z�p)����Nw������)'�g,,1
�K`�A��\�,,1
_DN<�RN��,,1
�J�������G�H��!�Ds�*�G��α�H��7��,,1
1&��c<b�I�>}�	��I4,,1
�al&�sp,,1
q{�E���,,1
�_Ǹ��v��S�8�H<�R���˚�\m�S�+,,1
�u�,,1
+��far�S(�сX�f]�:\���l���� �����V��=^yn�YmU�:3q ���,,1
�G�.�C�%�3so�f`<��Q�,,1
�љg������B�_�]����/F�S2ⵧ���*�6�R�,,1
VK���F���s,,1
r�A��yr,,1
$�˅�Z��M�@�Ʃ�A�mxl!��l�;o�;G+vD;�=�Ц_��V#�U�;C/���~�U'϶]�[O�,,1
?��$w�	�������)��	��,,1
�e<���,,1
"K�f���~_�4VL7�A��t3��T��G""7�",,1
v��m�w0V�*��<b�����_{,,1
��0Ϊ����>��Ҍ������M(�[��b�I��K�c	�%�,,1
�w�;,,1
"j�F��>b�����Z#o|�\�Cm��""",,1
[�v������:�ă~�4�,,1
���kO�,,1
����Y2N�8���Z���]I>g�W[D71�U,,1
It��kɌ	;x��5P��^DR�v.�T4	�xO�� �8�;��C��uofL�JO-�V����ǹ�oh�p�ٙ�`g�\,,1
�K+�:ß��5���4��_�W��	�[��eُkUEߠ�{=9����bJ�,,1
�/��i���I��d��e{r��*l����<ڶ��!�%�;���,,1
Ҳ�,,1
f/ŋ�w��jF�9��,,1
��}o���[��*,,1
���W�g��BAN��P]� ����$��e�p��O�-��;d������:�ۺ�'��m�x�p|��g��y�o6�Y,,1
��֜���9�S�M��g�'��k�{���]��,,1
�Q�k�rR]�����L%.��(��Ar����ST(��ʲ<��,,1
�Z��ay��,,1
(T�9�DcsI�XhlҠ5H�(���,,1
]X������]��F.�q�(�ZP�;�,,1
+a7}-;�Axr��Ud��b�О%,,1
6N��@���,,1
%��^��bS̔Z,,1
C����,,1
�j��9v�K��ęQa��t9{�P�H��\���1�o�7J[�ij�`T����}[VW?��VC ��]^��,,1
��!�$NF%x��e����k�&0�[�ZG��,,1
s��2���,,1
��n�=�YB�+�~a��m��w_?�[p�sEY�?��A��,,1
������%�ϣx�.,,1
���g��YC��Z��[�0�gRe��!,,1
f_��Lؖ.�eܑ%��E����엑�#m��I�E�N��!����,,1
�<�fz�20�K�s���Ԧ�,,1
��j�Ev���6��L3����|�,,1
"��[���c���5s�A�<��g�]�����~�;��=�p�9:�����3�}�`9�:d���b�`:�K�S،eil������1�xwA����7��$""�3",,1
"�""g��N�z(D�5��ݰ���H�HPZ4|S�>�V",,1
�eM|eG�~@�v��ҏ��ł�_Xi1 c�����<��W�+7�ƈ{�x�����<��Jzi�9	�W$S3�:�'��I�g�K:q-�^�ە��eƭ���ټB�������E�),,1
"��""�j{F�]�ۙƪA-Q�~.�W�܃��Z�������M٢�`m{�9v�i1.""�2�:�)�@'������i�R[%ܝshbD�jӿ2������w���'�m�$�ºY",,1
���ZF08s�ʇ#!���L�5�?�ꐋ诔d�v��W5&�DF�|�$j�,,1
"t�k	;BB�|�.i�kٟ*��&7�$�)�(}jKMfp����e�j�NgMP���P��r�""���aF`�_K����pK�FU��꺡�8�>�·Z������(�=�8�=-�z���t�`$8Ha�İ�����̭�}:�(��`���q�g���J�����3ۃ�TV�uP_�",,1
�����o6�����U�W�븼6�d�/trK,,1
T|�w�m�p��V��K�8�(��P/����)$�ʺ�8FA�,,1
�j��Vj�i*�ٌ�������,,1
ϲV���]���y��P-nSvM1�!������_�F��S��G�kb�m�XF���]n:��س�Z,,1
�Y�E~��'�h�-��j����]Rw�i�t�x�V�'δ-K�_؊�I��w�,,1
��ut��������'�A@H�rMTN�鳟R�t�\Hڎ͚��,,1
�.�c��ߍ�)��4xɼ�뒼�կ��,,1
��S��;�����N���J��o*j�PkZJ2�9[rӫ'��,,1
���o��*Fa���L���I��._+��*��i,,1
��t��,,1
�dc3����Q���R�����	Y�̤:@:�RE?�� �.��6�ߡ(��TK���tɾ͚,,1
K�rc,,1
57�d�������P3�`G��,,1
�Z�vA4�����3���p�R��.Y%��E[��[�ka,,1
~t9�I����,,1
�0��	g���;5����o�Y�`G�Q����8���W�浔,,1
"����qiaD�K%�Rv��F""��",,1
��[�L\��~v-%v�B��G�!~��h3D,,1
�;2!�#�&��2�ak�\��X]#��-W����^��KH&���v�s1�Į4�Z���0,,1
���?� !�g��u��K���s˾{������� �����)7}�,,1
�a�,,1
�2�C$`��߬���C34���Í$Z�ʈ:�α�ǿm[�zG�����6bꐶ�Ef�*�>�hKG\�$<s)!Q΃8ai0`P<��pf���,,1
�5��]�:�ζ�0fTO�FD��-����8_��i=��?�p��u,,1
zp��1��J�{��O����$�F��ʻwq�o׍@+@��F��V�tT�/jǦu�����h,,1
"@� g7���;Gm�����m?�<w��gB��W����i=91�l;�$	��""��5��:���1��""�j/��i����g@�Qu��8K������1��_ߤ��m�Q�R�",,1
�l\;������,,1
֯D��ЈC����eHsǤ2~�d���W����1�|�:XV���kn��U�L�{% f̺��-�=��1L��t{<�����}T�6Yu�i2�x�C�!�ѣ�y�H�U6��ş~�w���zo��n4h��JYi,,1
t?�Q.C���1��f]�u��C�&�fǦw濍b��ϵ��[u��K�O���0I&֏��k�=���T�Z��p/o�v�f���X7�I��;_,,1
��ԇ�@M,,1
"���""",,1
u,,1
�I��jT~�F��,,1
��w*�N��v}M�� �I��ʒ��/�NW�K�Śj������,,1
R�g�C��>xW���n�V�8�'~u|�v�_�.�~�,,1
6� B؎� ����<QUմ-9��,,1
��e�Pq��.���(�qS�`yf�9J���2�2(�@[��yJ�6��v�`��dj0,,1
�x+��-h- ����>_q��mG����#E�l[��8��f�.}�R�i���,,1
��k���{,,1
����Fh�?�?_Ñ�(��V:��M�N��n��\,,1
���.�IN;����\l�3¡!�7��gx��r�,,1
�d@�}3~�#A�,,1
�e�ʻΠ��]\nrZ�$�fGz���1�#�^��,,1
"���}J�v҄]R˪l�oL�ٸ@r��""����e�-",,1
ߨ�#_��p��I�/U�E��Ch�&�%㨁��]�,,1
D��a&��0��Xk|�tÅ�x�OBY�,,1
y=�	�j��{�p��׏NCK�b�V@�U��Y�x�,,1
D�T��,,1
�j���V^�0�,,1
Lm�p,,1
��z��p1��=v܊���,,1
��W�5��`�,,1
�!d��f�w�*��nQOn,,1
���1�/q�3O�N������yf��?M%��F�D�m���j����,,1
�r��(<�nѿ��br��8Ь�U�T��	��;!�wQ����'#=g�A���^5�~�����,,1
]C�hu���(����G,,1
�,,1
"v|�N��g�@܂C""}_�y��Nr8�5��o+	5��w!D>.�S�N[j%S��h	Y��#Q��틴�z�f~�pd���-3���0]�ϡP=-{""���o;a�2W]@u��6���D�B�B���WI�7���A�3Z�M����""*���y�S�d	�*",,1
�1��lks^�h}Aخ�J�%����B,,1
Ѿ8(C�t��������R���G@��_��V	av�{�Q|���ӕ�_��nCO�x_�&~�g��XZonpc!�f'M�ϧDe��,,1
"���s^y�%m}���䲓��""zF��lR�",,1
}�|8�x�,,1
��Ȟq�u������ݖ?)�&J�p�8mY$���i�;ˡO�Ui������5�ǎ���Vz�M!���v�,,1
�Q��,,1
S,,1
�vR��'f�F�&�yv{�k 7�� ݟ�aCP~jyd�/?2����,,1
�TW� ��~�#!�,,1
$�j��!1�#oB5�'��ʢ���^�q����uMv�,,1
�<��w?B�Y��,,1
"2��""V�S)�N",,1
�O�C<&�{%�� �F/ֽԏP?����l�y�2�zHߜ�6y��#UL�ԗj-,,1
�B�q2�i������e�a�r@F2j�5���egJ����^�_�:�Wx�4?�����J^�,,1
�`h�*���'�>Q\٥���JiET)����#�tRG��,,1
ho.�t�w���n�J�[[mw�!����P�,,1
Π��D4����ů���������LJ,,1
J�֖��uLQ.�U�F͢���uFc���ٽ����d���.��[j����@7E�jh�$`�,,1
u&+L�O\�2^�,,1
"�xۦ������m�0_��a���Sa]�o�ec""g�)H����!���f�C1��dI*�@",,1
���.O����#%��L4������:M̯����4�O�&�u[�!P���r��T��(D�uY1?��Խe\��o,,1
�<���0�$�o���D����	�ҫI�ޡ��,,1
��-=�	-�S���>:�2��Tc{r�4x=ôAQ��;<Z�`^1!Ai.���!�Q��Y��F.����,,1
p��u`گA�>���[�������b�6,,1
+�j&:��,,1
�˗^�Ayp��b4}w�ۦ%�,,1
�i�g���Iݴ�fg`E;p�n��V�c�5%0N��1��D6*����MvVkR�O��@�?٤QvEYҥDA[;�,,1
�ݦӚh*7q,,1
�j\,,1
�芙j��8γύ�,,1
�=4�@^����ZlI_�Q^���S�d��u?�D���Ɯ2,,1
�d$4e2�,,1
�Ǔ������[�־誴,,1
��I�ҍt�\�d$0�T��8��y5�,,1
Y�j~6>�r>�5��WS�B���,,1
��_;=`e�*�e�r��,,1
ʒ�F�З+�3UC���ԅ�6�i�ȅ�!p�a��7z*�V�E,,1
hѡjHĂ���{����քs�6�;+�����X�K�	'T��x�A��a�����P�k�}ܭk�i3��p[*]*��x�|}�ue����,,1
xw��t�4�y��A��$�!�h#�3o	A�e3����T��jZ!�oZ�4*+z��*te�P��,,1
��7J^)�,,1
Ow�sq�Ib�GvZ�[�)�K�����,,1
u�R����7�ʻ=�e��H,,1
�����ǘLp���u�t�l�od�v���E���.����o�Uג���>A��GӲ,,1
�y����ָ�\3,,1
�9&D,,1
]����wR�2��Ϻzz���[/�,,1
�� ����(���Y	-Q�m4�ҝ�yx�Ծerh�0�������v0�Q���ees�`�_�}��1N�6S9O*���s@�LVCw~�,,1
0�C`<��F}uYzd��R��5O��,,1
"(i��p|�ۺ��""�D��퉇k$�������}���H���A_����",,1
ڴ��!,,1
� m�Ӏ��e�y�]6�R�Ɍ,,1
fv�����Bՙ�,,1
���!REc-�0��7�\9-յ�*�V�,,1
�ѩ��Z�Wr�߻��,,1
_�݁�;˻,,1
�W��U��pu�Y�ׅ?�N����̋�'������(�by�^����	Y��!�|CO�-l��J��@����d�Ο�H��A�RC,,1
N1jK��|a��$a�<�fe+c�P4@k�|�3[��-��,,1
"���}�b���""6�O��&@5��Gp�݀�Y���]mu���&갯��?��|5�E!Q	�NH���tS�`�Z�",,1
�x���J3�^S%�u�)���s��ZSh�����y,,1
�L��>�|x(m{�A�P���,,1
����@�����$E͓��|�{�p���@����Guf��h��0SA��(H�k'�r\!b��;\P��?���lIT0�~�F��,,1
�E���1�$,,1
�?\��5=���Ʉ/Y,,1
ĩ�ݯ5�0A�jw�|囶��Pv6��E��i,,1
Σso�#�ph���1�����SrB����^���,,1
"M���b�G8�|@п��`w��d*l.x""���ǌg��A����",,1
!�^r���i�ə� �_>���7�4}�t�$Xr�{,,1
X`�eglg�_��L��ԥbT,,1
�;u���,,1
nH(3ޥ�	����c,,1
�5�0��F�+�p�l�I9�,,1
)�KAG��d,,1
�n����]i��,,1
�ǒ,,1
"P�9�j""�6�2[�e-�H>�[ds�)�˅�",,1
�a},,1
��r,,1
��ӄG=,,1
x���a����,,1
4%HhT��4^~E��W�����Sq��,,1
�� �L�Xx�,,1
A�E{�˳)��\�yPo�May�߬lL�d�,,1
�|���vV���A8>rz�ǁ��\��5���O�8#,,1
'��;�ʾ�	�2V5��ݠ���6 ��� }�=� }u����t�J�÷�Q\��,,1
5�{��h�+J���ۄ6�Ѿ���у�l8�[Ֆ�#�C8�u�/��|2��,,1
~�J����<�6�J���iW#l����m�r�.�Aʯk,,1
�&f@	�����6� �Jw�0ͥ��Ήjf���듔2f�ά��;�����s=�,,1
C~�Z��Z��N�{	�v/�{�����aY���2{/*+�<z����A���ҿ��Wna�D�%e�2a�����=�ɗ�D�B�V݄ʬ������9�6!p����+Bm�Й��$�yo}��p�=���|f��j� �T�)n ��{�,,1
�]�]��6r�wS~��mAa[v6dv�%x��SX׋�Έ�/��z�I���p�G,,1
O]�����H�--���$	�˺���d�>>��I��O�Pn,,1
w��'���B���X�N�?q�R]��F�*��6�X,,1
]�� d��,,1
��ɪ=���w�+,,1
t�̲'AoV��`�E�w��Y��5�M����m�6,,1
��������������Z���#�|�.QY+����:<�ea`&�e���,,1
{�� ��6h4�kc	��,,1
�˅I�P��`�o��u�f�ܭ����n)�,,1
<�v%� �Ɇ.����E�j1J,,1
D�e�0��2�,,1
�!�E��2:�&n,,1
e4���otx4�0�@�Ҡ�F��`��N�HB8�8_�X �ڠoU}!wk@u���,,1
J,,1
_��Ȼ<��,,1
O�,,1
��کj�*��>���+�C�vBw�#ʒ��c�)��h��]��v��6`nP!����ե����AAG�a���r=�Q����U�p5���'��,,1
`��(2��-@ղsc����$ ?+u%�e�'�n��ų�Y�`	:��e�1��9l����a�F�G(Z��y��y�˟�,,1
�2��Ƞ,,1
���?µ_���~J��,,1
��{�.��,,1
"�;��"";���0�",,1
�X����=O�ƾ���aGVd�G�u=:rs��h��?8��Ut(Z�ty�x(�W��Y���A7�,,1
��g����{a�͓	�]@Weݚv)�s���l7v���,,1
}�k�b� �@�>)���5U�2u�K4����QS�P.o�'M=9�k�q�,,1
15�,,1
���m�P�����r,,1
c�Vdv�d��,,1
6K�F�ȗA�HLK�r���Y�!9#��//0B��K���'Ǖ����p,,1
W�{J�S<O��E�A��:���ľ$kޏ9d`tCm�1���_9˚o����OF�����ΐ�	G!SP�ˌ�l���3T'��ڟ��%;N,,1
#����V�dS�d���0e|iَtL���Aۋ�((�����r�,,1
�.�n*�zI*h���E5Ty�-7��F�-�L���ck*Q�4$�M��{���K���@+w�!9�V�L����R՜�iipI.-��=w!�y�	v%9p,,1
��g�;W�,,1
�3\�f�iG,,1
�w,,1
"�@��A�J��{��B��k'Qr	W��""J=F���V����s/� P_",,1
"�g���������>�[Gjum��|�����Ƴ󞭜�oU3��`������g@Om~�x����""�ھ����$�D�*�I�I�<�U���{�e�81|���^�<�;3i��nV�",,1
��dn��(���I~x-���l��p1͢н�B[,,1
��[�v�����,,1
"k؟�ow;�vl��>���]�#��f�qX��\k���1���z�Jυ��g�Lk�$�ߠ1�?"";�[�	�Ű�JZZ��<��a9�-��{DQ",,1
h���r%g��ʇ�\CA�1����::���R�d:�����W[�\(���F�TZ7�XF���1��ed^��R�{��?�]f�0c;s(���g/�}�#�n��|���v���Kz�����4����\���U|T��9\�,,1
��3�cDD}tzoFS,,1
y��%��`���MĬî�J�А�g���,,1
"g{f|�l�|�'F�9ڽ�G�""��S��L���՗`�x����Kljn�P�",,1
����a��V��&X?����?{��d{�Kz����upt�W�Z݉9�����܅��(�4��t�X��j$��qghr��������B��,,1
�*(5d�}e��R�P�,,1
��J�]�q�[��l,,1
�z`�Hn��@�;�Axa&:��;aȹ��=�qa��(�`U&�!��H4/,,1
衈�&��,,1
��b]�w,,1
{��a�����m��6�y��sq����,,1
������<�h�%XaPl�V��s2,,1
T��	��2�Y��%��F�D�W>Յ�o�R�M��\�y�ޢ7:��̻���O�6�Z�V�THi������$�*�HPs���3\j��g,,1
��{g�[��];,,1
a�,,1
'�|G������!�POYIS�sJ�ڮ���vIcaŻ,,1
����)�-Ό���Aǧ�	12�f������,,1
�j�6) ��Ҩ�Cr�)7�y��P�����,,1
��g���BMG�9��������*rW`�!���T�t�T%|�d���4ޜ�A��u�(��8V����:�,,1
���˕_OQG1x�?@k޼,,1
�h��,,1
JP��WD����F���ܪ�摁��]#G���L���:#Ty7��Z�I��kx��@@��2�Q�,,1
�Xt�%��2ҙ1%,,1
"��i""�#>�:�!�N;��cO���",,1
�ŏ��vk�P�����Xb�D�,,1
�2�M�[]K�N�~���=?{_�k֤C�Ǽz&�����l1���}~���:O��1,,1
"����>�n%�Q�""1�ZŸ�}�+��",,1
"b""�[T�ǎ5{���",,1
M'pv�R�p��$Կ<n������J,,1
�T.^dc_�q}�F*������%,,1
����Q��_���2�8�1��\,,1
%��u��_�ވ;�M �,,1
"$<]���A}gB�c���̀�Y�^s�s�/��T�o�L�gy�5{oo�ei���fv�x���}�6l��Lw-""���P$*K��Sg#1����T���",,1
����6B�I��n�L�z%߳8��.��B��b%�p�|��*���m�������g�4�.N /,,1
KE��(b����`2�uZy^����zk�ث�m�F���&\�u;�1ƌZ(������Si+�Ճ�I[.��̉�ģy�T�,,1
�E8E�/�&şD�	�����ڞ��V����|���j�WiƋ�]�mc�E h�	�~��S�N�O,,1
�9;��S�=q��ʆ������9YFX5�ʦ�P�ux(F�f�����A����4jk 4I,,1
M�GCl8{u�6$�}a�A2,,1
<׻U�,,1
"EuO7������B""PA�ͻh~ŦL�*��r2Rg'&��h_���",,1
�؍')D�	������C�2����,,1
�r�X,,1
5b`,,1
"Ou2����!�m��ͮ�C""~ZD3<l�ҹ����rPBCgZ\",,1
��v>�`ۙ�k�*��ɓQ�އHƼX�'g,,1
����󕱪�1�����u�:e,,1
"1ŊxQ�""T�s��!���!�yE�}�2�[",,1
jK��i^�؇^��,,1
"����""����",,1
�����F��$���Һ�j�i�Fz�gd,,1
.��K驡!I8F��ʣz��Bi�`e�ŋ����@����#��,,1
��G���1��w��ւ�)�n,,1
��O>���,,1
�:��w��������ŢNgr�,,1
1^����,,1
�r[h�;�G�4��͕�`?Ӊt�����$�q�b;,,1
W=2�Bڹ\fJ�a��*�?L��9ane,,1
"p�nռT��un�""��U\ߎVQQ�*�F)k��",,1
����<Mv�X'T��K,,1
����sr���\*F��#��=���R�V���,,1
�ZY��d&��,,1
���5� ���b�3,,1
"C�ʴ�d	�ቈ_LUq`8""�",,1
"�}O�L��գ{ם:�""q�nT�{�޻(41��G���ꕤ�""f	��@���U@� v��h�]W���_���(��6�������Ρ���d��_�j��I/�d����-7k���R	܎���b�̒��/�",,1
�V�`K�m����u]E:�z�>�H[}{�&!��ǁ�v��,,1
,,1
���ٺ��ە��������o�*���K 态?$�P�,,1
>?tts�I�W,,1
���D<��w�ͳ,,1
��H�){,,1
h����rg,,1
"�H&%|�D���^ŶM��J<o:��hY�;kJ���4�B}h~�W��W!�|��""�M�Ge�6",,1
[��t��$�e�p�v�C��ZG��,,1
>�K��`۳x.� r7?왛>r,,1
fu,,1
N�ɒ��X�Wv���ѥ���B-(�K�.�뭰J���sM��L�,,1
��R�r��.K0R�	�������,,1
v?.\GGuc7�ۄ�E�}os,,1
�(��-N��U,,1
f��u����!kq�,,1
�WRAB������H�G�nn��,,1
*�,,1
�i<�I���=b,,1
J��&���`��@wWK/�p�X���M��d�~wGrj#�~hh�j.z[� ������|,,1
��ug��v+�b�ݾ�,,1
��&Wf�e�g�34��,,1
\X��JL�5,,1
[x�7i}2��Б	罪W���u�[2d�d�z�]��',,1
���o,,1
�Ns�,,1
{w���\d��9Su�0e�)��@�,,1
��.��n���7[C�Fw6��,,1
�E�,,1
�-Yٿu�)�\z�����,,1
"J�Jc��f6��F�""]�'���b�!`>Rp��m�2k1�J����t��UQ	�1�qrwd��",,1
����Ҩ ,,1
g�L��d�e1W�ȉCX�,,1
�Y��Oz:(�c���ίZ��t�`��(�zY��v�w�{*T��{Ѕ?�a�,,1
๼�5J?���R�}���g���I��A��u�,,1
�(y�r��]���[p��|y���@�C@vū�}����p�H�/_�y��zMi���Ph�[�ԤU����'Y'�ڜJ�C,,1
W��!b�kt2,,1
�A����Ԟ|$�9�VH$������ӏ�T8�sI	���1,,1
�CQBd��R�!L~eh���2,,1
F�C��9=�t�?����i.�Y�,,1
�*�cwBU��kg|IB0J�s&*��4�u|/;B�ٯf��u�6��,,1
�k�,,1
�i�|���3��&�*���@>�^�޲&���X�^�x�dag~A@�?���(#j���<�Lf��։�{�k��9���&�H���Cd,,1
Щ%�C��e �`��9[=z�3�f�*9�,,1
rB뢛�O&J��r	n/,,1
��3�F&���,,1
�j�T��Cr7w��J����}���)��cv��,,1
Q*�,,1
�/�+J�J�9�9�䎆%���S�6��l�v1�O9ڪ�ºA�^Chr��B,,1
�ބ���2�V�R!�T{�aҵ�$�~�0�~]�8�wH���.�[5�,,1
Ey8��͕�*��E�HdQ�«�i!.,,1
�%mD�v3���_gv��T����d]���lvi�|aEW5A�g��÷v��K|C�Nq,,1
z�,,1
��5�i�v1�,,1
��J4��흦�>����7�ۯ8�Ez�߄�,,1
5},,1
�����Th�Ɨ*��w��I��@y��D� 8�}=���]�7+$	C���/f�,,1
t�,,1
�ꦬ�},,1
�pU߷-���9�\}�JƬ��M���\,,1
~m�Ȍ{�U(oh9A?�	��8r$���8Z^�ř*H]��������(��C�����_�R�\�z;�}'�;Գ��{������[�e^^�}1� �%Hgvx��T�|m����ͪq+���XBª�)�Q@��G���2��C�4,,1
���Wy1�e\��!S�T7���gLu�.��P%�ͽ��w���f�9�m.y#�����,,1
"|����n��w5VP��b*7�'ߧkw+F��_���nMr�us""�V��� DЈ_دo�	W�-�o��y�",,1
�_�HsQt�r����q�a�%��n��^LIP�K4���R���M3-��maG���4���R��x7MF�Lm����� �3�k�;j��,,1
b������*F�p��Jw�:~��E,,1
����uT-����k��H0]��-���qIi�s�u|�o�٧GL5|�n�:�#�+��@���ѣɅ�=r!�O�ed;i<q�n�����	�(�LoӚ����,,1
f��^Ê�X+3�q;JfM��j>��t�h�*o�s֯p�ʓ:�.��XۘϤBH����O�}{3��N�q����42�/ET��/�;�Yz�����6��7x�,,1
�籨�G,,1
���sr��5�����'�	`�,,1
P�,,1
N,,1
7�t7�e|���4\6�vLoI��r,,1
4m�^�@��oJ������ـ�Kӭ�x�2�{� dm��*;Dh�#��ˁ�(�.���{&��,,1
#�^���$W�|w^���%:�,,1
�}vC��,,1
FF��X6,,1
8�}�WB�|��:�w}|���@&��<w�,,1
���i���@�%�@t�ɼ[9�,,1
+'�߯��՟s1'�so�_s��}Oƿy�ķ�)C��PMa���L3�Z��sOd8���&��$K�A�z2T}��	���0�|J��:���Hs��,,1
f��F�92�U���!���y<`����.S����4^�7�]�8*~WQ+��.,,1
l=�;�'�K);�7!��(�d�,,1
ҕ�,,1
�GrI�;^�8O<�Y�-�,,1
(\`������Eu��ץ��L�Y����ޣ�t�5��G:�1��4m�eǞ��,,1
�w\crq����I��ɠ	�,,1
�+b^��S�mTZ7]N�j�,,1
�s�:[�5���W��%or�;',,1
c�/N8�+�-'t�l�p�2��z�.�ИeO�iF�,,1
��cL�L�N߻���#�ZE�B�mߥ�b��,,1
��x�1���4��~�#O�8)�΍�`�=㎦Y�C];�3�/�N���7��L�p��Ҍ�~�OҺ�p��ox�̶�T�T%,,1
�?,,1
��[j��3�]H�Na��n�������=A6���il�r���)�4��mU�m�,,1
oLI��#�<_�����1���P�Ώ�l��\=TT�2�@R) d���9�y�2-�dF����I�;(G��_���,,1
�ܡ��J��f�z��(,,1
B�+,,1
�e�M�iАoN�mQ,,1
/[,,1
 ���>��� �,,1
���/�Z��=U�������2,,1
!���n�������O��=Ui������=������	 �c�oVM	�OuT��6�K��?-�h�$�&�S�����R5L���`tc1<z�-,,1
"�����>""�s""��{ч#�f��+&H)��c�q�~�K��H1",,1
׳JX�o*%��\��LZ��w�2&0�����0���.S����<��Ն���g�X[V<���e[A����01zg���Ѯ�ږ��,,1
j��,,1
DEޒO�8,,1
�n��	�#�Z9q۴`�q%�r��qg��/y8�|}�k���,,1
����%�n��q�s�OZm6� ���6���k���W;IN���(-њ'q��v��I�܊�Q(`,,1
K&D�(�T�y=�,,1
S�-����K�Wќ��PWm}o��%�V�ӑW�3py�n��}�Sr�i�Ϲ���p������pJ�ub7J4�J��skΒ��o,,1
D�R˴�Ȱ�n`�,,1
n�?��lCY�rX��r	���C,,1
�;�ě��v��;�����+�Z�wf�`B�`O=�����8\,,1
\����Y�̗?�$=6x%���s�Ƈ�����`��91���7�qVmG�PQXA����p�yw,,1
"�x�A��Ȓ�t�񜯤����y�>�s(q�w�s9kd#)t�R����}2]�T��Yy8��-T}��0O���5&z���9b18�'L���X��S���""�iE+*\��C�Sȃ���g��R�h����s�6U�ؽ���hTl�0��q Z�J�",,1
��>,,1
(��.�P��5ܷ���6��,,1
"��;Z * �mUJ���>�x�d�+ƍ>	)��Gʎ��U�!nOd�V�[���|�=��} :�N}Ko""",,1
"{<j�$��""�&WiS{ęD]5Z�# K�ͮ`�hV�<�����w*���6;� B%�",,1
,,1
�ˍ���4�O��W�P,,1
���5x�,,1
T��/��+/[��rf⏃n.��v�����,,1
���!WR�jw�,,1
/�S�=�׶�s�u�yA��5k��?�^ȷ����r��J-٨�Wb:k��,,1
��9����)��;E����,,1
���z/��˔��A�����$��UQ�O��?�z��Ų��Di�/������m���_;+(3��>�S�W�g��.��.?�۵ � ���,,1
K?m:����״��8\_��Z\,,1
é���cT�8����<��8<#sT_�b�V��z�ڝ)��>Ē`�@�zl?����r9}{Ơ�0,,1
"��M�U����i}1�Kh�~�gt""�B��A�a���T",,1
�ܒ�=a~z�C�K��6�P������ �ۺ<�ȗ����/�����[�%�Y���,,1
��n��P�L5�,,1
�!C�Y������um/�~k��tV�e����ID|ǹ	��}ǘ���c�,,1
�=�Ѐ��V�ŮϘ���;7wSƿ��7���N�jK��6c�͂��-����ᇼ/��:j͢�ߎpċۊ���zVP���U,,1
fP�C�Xq<����kW�_e�,,1
򕗿Tk��{G�������CHn^P!H�,,1
<���,,1
�d��bXdj��'q�c�,,1
0�,,1
tvhi�i��Pqe�W�ۮ���%�y�l���a�a�6r����O��Л�q���fmF5��,,1
���y撾\�~W�:[��l���h,,1
������1!���5��!`��U(����@1Џ�c�)(a�Vv�^�>와u	'��-���������D�c��;�����T��D��|�Z�MC������Ŧ�,,1
�0�N�j0�V��B�������'z�V��C�v$��*�I�m�V�>���6`���a�,,1
���}��K�ƪ>Z�.>��M�,,1
�t.B]��|��K���`-�(9����,,1
�-Q��hK��<4р-��C(QR�����!������VX�,,1
q�d�>Eg���ϧH����C����C�W_5�����Qie��Y��������Z���쀮,,1
I/��x,,1
"5�""�n:��'1�D=�ݒ�\5�",,1
/ ��Y���Qli�|�&�CT�;�,,1
��(�GTe�(Gq�&�c�P��=�,,1
�h�Qt�Z�^nv9�ECk,,1
���P�/����yNcU�=y��G�·�,,1
"$��RZħ�&""�n5�f��4�ؘo",,1
<~,,1
"�ӹMx�8���$wl$51�X�VE��Mu�G>�R�r	[��ԙ�""�AF��sL�7�i���E��uTqO�D[��ۨ� �l�>ri�t��A�Kʯ��W����~���J�P�\߰�@�w+ԾH���T��@�{I�>z�'�a��6V����2�k��s�~-�zV���B�:��@f�)��x{`�iX�(y��t���H �mC",,1
gj�n�,,1
���D~�-��r>?�5�,,1
��E�7*�@���N������JGf��w�k�*g���ߏ©$ʛ\���,,1
bU9�0^(0�����z�7�gK�L,,1
���̀�L0�k�[ORX��^�l���l,,1
M�Y`�I>']Q+}�}��o��',,1
"i7��w�0��wG�z��ǘ��g�Aj%����x>9tp����� is�G�b""��u��'�",,1
\��g��,,1
ՙ�撅�!,,1
l�y�e&���}����X&,,1
^*�%T�'�,,1
�Cq�N ��G��]�V��	F���3۽�F٤/�DEg�\V�D!|�����{�̊���l��'_�@Џ�̩ѿ>/z@>F�H�yv��~	�+�K��8��=�,,1
��qA$����y�9�Ys�'�U����nα�]�|ux���R�n鞘�Bd��Ju���Y@�N�����+m�[�Ԙ�e�J����C,,1
489��8ĺ���G@I^W��g6����r/�D�E��eK�Gݕ,,1
"�""U��$�a���Dk�Y""Z&\�7����eM{���3a��H�eR�o�]�=�E��pHVM��`�<��x$%?A�-�vŤ�6�*6�޼&A��m����TU�� �%Z����T�*������ah��4�DK�Q��:��w",,1
� 5�v� �?;zi��}~�2�uk%X��a�8v��U�E]6�x,,1
g��>(��5�����tI:W*l$�l�z��ڂ5.z���` �L�iś��yz��$�Ti8�N,,1
p�Ϊ������e�aw��%B���e���:g��C<�Ugp!��,,1
p���`F�z��~,,1
�=��%��,,1
�6�췸��!y���DK�MC*���߳qK���'t.��g��Μ�(������>,,1
������U<%���|(c�8��2�L�e�DR�J�D��Qfz��$b�|��ת-�(��,,1
�����2�%~�BW�YAj,,1
�n+�!_%@���i�i���O�gb^�P�I�=���+����Ȧ������[�%'+4U�v����̓9,,1
���4����%��gd���sK���t�Sz�ن-�l{����׮*a_,,1
ۉ�u�WЖ��v�67*g;Y��~�{�T��n�1�Ck�ؗ��]T�{�Y��>� n�?��v/��YN6,,1
:d�,,1
���ҽ�'�H_.y��q�~��&���A�H�,,1
'Ҩ|*4/ݯMV�Mq걗�Q�������A�ϱ�g���0;n_;.� aT�(b[3�G�gVn�U�������{$sO�l����3��YH���M��/8;E��N���9����q�gz&���(j0������C�G,,1
[[ӊC=G�<�,,1
0�tXe��+��'I�-�?�QU�'�EǍ�g�-���6�P���!�:��zH,,1
�S</�YB�F��P�}�x�J,,1
G°��,,1
'bo~��}�<�P��U��������ܵ�3Hx,,1
vy��O����6,,1
����P��o��^�������4��������v�.J��&ṷ���,,1
��!KK�/�!��C�<�,,1
|��eG�~��e��R���xydp`�,,1
UF��v�6�/,,1
�u��k��\v$�����b��!��X�wd�|����8�_py��9���kB0'Gߡ�P)�Q	3&N>;�,,1
�5��R.�Ej����[�<��W��r�$����X���5�)��i��rȩ�Z���?�ty��ْa�)Ū��,,1
��!w,,1
"7*��a5��}��G����2�~���;�9���2B��LÇ�r��I""���""�",,1
"��V���""�Dr",,1
����AvlyIy��{�lAH��G�,,1
"˚��	P�������""�I���s��v'Yj߯",,1
e�E4V�W��2p!0�Un��#\R,,1
5	@~�0~�*��S,,1
�*�%Nd,,1
|�b�R���ū,,1
�+���Ez�K0w���E��߉�ŧ'ۑ,,1
�$˧�����<��8�M!��Fh�,,1
������E}��p�dq<���c14K�V��x�����,,1
4����私���!/�bۀ	�q�|y,,1
�^��*�4&2��d��� Nù4aS��CC��,,1
��7�~�G�ŕҦ���aSs.f��DէR�!F՝[�So~4��?������9B�����*pǬ���x�G�38��f�8r���� ��N����+�$�*c�y}����R��U�,,1
��x��c�Ju�%�j=-p)��i�XW�n�et,,1
��9�k,,1
i,,1
Է���͢p·����!��,,1
�I]���T#G��RDI���8�5?8^�/��!,,1
"��""��+�îZ�>����{�_�",,1
��ۊAPW���s�q4ݮܸ�U C,,1
H��]֟jK1�������i�fWs��:BEH��`f����q_��W��:s׆��,,1
lHw�,,1
�;k���@lh��,,1
��PEk��$�o��,,1
�h���83�C�9I�7)h�Iv�p��ҒKP���z�c�����']5qb�uU�,,1
dg=u�)�*:��xOu	�����v:x��;�~���!�N�FZ��D�=p�v���C�|���|f0΁���bq��,,1
R������,,1
"j/���+s=]�""��ƷT�an��D7�ӚU���9C���{�Kew�d��",,1
�)a{ˣ7Pq^�P�tMJH[�,,1
:���L�(j`��i,,1
�Xx�6ά�)�y�	��Y6S�I��1�/���(���O��Vmҍ�52w�0���M���+�(��������,,1
"�Y��4""��؋���g������?���p/m�*3�]t:�(��$��n�lC",,1
j��	�ӎ�N�돼P���I��2���lj��h�Ҫ��е,,1
��|�R�7�X��]����}�?��ߙ�sr՚y}h[�ɂ����,,1
�ď^5K�ѫ�2������#0 ��gU{wp��?{���'{��J��r�3s2��Ngi�K�����%�P�T�����*9OhùDz=��O��ɴ�Ѻ����4 �,,1
W�Y�wX��.s;�Ґ�sSX�z�����9?;e�I[�,,1
J|�p�#r�~Wt,,1
,,1
�?�ձ�9�G�q},,1
.H�0}8=����7.؊M �%��5�.8�̆��QM���t���Su�E�P�5��P�(64��*hA*�7q��6k��M`�,,1
�����m��,,1
��e��a��,,1
�ֻ���F!��t�%ǭ�d�c�o����/x�{��ȥ��R�[��VZgK���I�6��2D����o���x��3���_�TyC*y+�?NIx�:!�R��O���#�#���ȹ@t\�u0���4��<�9뱡��w���S�P,,1
Ɉ�̯�r����?6��,,1
�JG_�l4lE`,,1
�&_��#>�fs�K����o-�O=VV���c\�W�[���	�T��-��,,1
Cg�i;%r�6�^S�\TI	�h/T����1��d&�Y�,,1
�&u�P��Y�]�� $��ܤ��z��foe��-��*��xu,,1
"L��dB��XЁ�k�NQ)�Շ""ֶV��킭�Ġ�>�dI�J����s7�d�",,1
���I�M�<%X���I*Tp�s&'�X#�|J,,1
�ڎ��0,,1
!�T�=�\��B�}�r����,,1
B��[�\�&�Zw�>�,,1
�:l�f3,,1
M��\�yPi����)�5U�,,1
X���ʔ���S�&��Lh�:i��b�>֭��\U!,,1
/�}�4g���^<+��OS��E(��_A(v,,1
8C(�C�H�e�^�*,,1
��),,1
uP�ߟ�pĈ�S,,1
�@ԡ��!(,,1
$�g,,1
"����9�ԩ�W�x��`A�$8�V1;N�dm3""�:�""ǽ٪�[g��C�h���MHs� �WHZ-?�6�;�)�㏓",,1
*��#�m���,,1
�F���;�F>�F���v��K})��e%��ޢ�D��X@�D��`�ha%���>8�b��.�vp�=`)om�s�%�Z]��j�,,1
`d�B���?��\$>A��M��uր���,,1
"�^%��������6�%���|�tc�O[�hέe��H��;��	�Z���$G��NyFը�ֻ""x�Z��a8��)���B�U�G�}�6{a�j�{",,1
"�s'�ıL	�ܵ��r��""�twV�ä�Su��U�K̶o��{�����",,1
"�H���b�f �(�L�U5��""�xHh",,1
*�	Q,,1
�>���lg,,1
{���'����A|a�[��a�,,1
K%�N���:V��cw�ws���=���1ʅ#=EJδPW��[�T����,,1
|��-	�Wb@��<\��<Y�a�yFS�$��+j�,,1
��3�R��V�?��3�xA�����93��f��|�|��,,1
"�Ih�]�?tsL��u@�<��""ܣ7�J���)��Ut*F׸��",,1
԰΁�,,1
"�×�������2�+��%)��S�""�����f����������a5�-pA�Dg��4���]V��;�P߮�t��cٿĶm��������>֟kYW0��e%�K�A���p�m������7�&$M��ݯZ��!��T|O�q�}b��Max{[�p;���4���`n",,1
֭�,,1
P�㶆��J�ZJ�C����@>�w�G:,,1
J�,,1
C�dHm����#F)�H�r��c���}ʊ,,1
2_���=�:z�C����`�U�ry�Ӽ��ڨ+���xцg!��$g[.��,,1
"Ё�Adq�l�����N:��}4\�D�;��	�������JT#h>""ۼ��_~9P�",,1
6m��Ei봦��N���P����Y?�(����$7��<����v�gm�P���B��-�N����J!���%�M![z<�鹆~�,,1
� :|��xC�=��w'�+��D�g$ў�݃Y%�Wd�!4���P��ˑƤf�q$��.Rf,,1
�.11�D�6Zc��P�1�ϼ,,1
�I<	QEr]���S���ޭc?�	ꔺv\�,,1
�0r��,,1
�,,1
�Sk|�p�К5�ɒ_�+�풁����,,1
̧���W1L��^Z��0%�K�E�\{���s�3��,,1
#,,1
"Vs��?@ك���-nO""�Y���>�o+[�(��!y�1�%�0ڥ���6D�(",,1
D�����	�Z�;�ix,,1
"�gMp��yEV�p�BW����w�p��[Ed��#��Q0˲ѧ����$��3�e[M�40�S""z�R�r4iM���o*���I�5�l�pO�0�ҹn�Z��r����Y�",,1
r^,,1
�)�U{D���_t��H�6��Y���:�΂��g�ˏ�j8B�y_����,,1
̙exdÅm,,1
J}�:CZ_,,1
��F���c��86����� �ղ��Y=�?�v��,,1
AJ�M���Ե�!��$�-3<�A޹ԛ,,1
H�n��ez���ԩm,,1
"�;NK�|��H�""�ɀ÷禭�ԏ5���t����P����=F�!�>���m����Jh8����e�xQ(Tnv���5't���B6D��/�@npo�d�*k���Sѱ�%�K�8M���g��f�d[�֯Kd����7`-�{",,1
*�b����7�.�),,1
5��3H���,,1
�s,,1
�|�&b�gF@����X���lh��a���p1(םb,,1
�~u7`�w)���z���+Q,,1
�yaa\�kP�p��Mi*(�x[#�FJ��('�҃.���C�����,,1
"t��3	�e@�ہ�`�@Z��e��CJE��@""V�e�!�'�Y����ǋ'qQ��H��I�����ܭj��ElA��<�-���S������n��j���b~�E~`������N���",,1
j{��~�¦�_5,,1
"��""��H��",,1
T��,,1
EA�h�ֿ9�	�_��o	�?Nϰ�<����`�A8�k�]�w.�P�,,1
�Q�N��FD�Z2�{���	C&��=f�,,1
kO)�]�v���R��@��eŕp���M���m�d`����,,1
"������#��V��""��",,1
~uC���,,1
"�""+i�",,1
7�X�9�^�,,1
'@�D����4��o�����ѹq.p�Z冄tzʣ͇ה(����f�$�|����*;`�8����S,,1
8�m�c���w$����X�4@J!���w�m-�u+�n�@)_O�}%cjħ�=<��M�K��!�~�7�&^~H,,1
��cI�@����g��ӠE:�����;2eQ<�����H��gM=,,1
t�[l�D��3��Z��\�[�e�L�D-�����B�V8;�khA��EdT��Dx+���d�L��o����@g���,,1
\M�4{e��G͔U,,1
"S�Zf���c��@�<b?P	d!R�""9wUk�ŧk�xz�",,1
ue�s1=f�[q�~���E�_U���SI@,,1
�$,,1
;��~�>狃��Ǻ�z�lN-��m��IW����r/��Ůk@�'	H(Q{,,1
�GR����,,1
���o5�aJ2�g��-SK��)��1s�F�T���lB,,1
�/A�����ϫ�ao�7��s�y���4�I�L���-��Z,,1
"��bj8�e}�""",,1
�-~�h\��U���g�R�(�,,1
���~�|(I��[ۖo��0�n��6�,,1
�O�oM����Ѵ	�:A���M�.,,1
GQ��6���&�,,1
�Nr���~��\��wD�(~V۫g������ɭ�F+q�!�,,1
�����!������L��vra�S,,1
ah?���T�0f�(g��P�x�A���&Z�F�/���m8��ܛj�FM�,,1
�����l�Q��'�;,,1
z,,1
�p�c,,1
"�l�1Dz�""��nd�C�N��Z_�.����ٶLE",,1
�ۀv��,,1
j�,,1
F�8F��s�*bO��htg$⑏)B[����/�i4+�,,1
c�{���hI���X�叀_��Fp���M�ǉ���#���^(����\�߸S��{�,,1
��_H�)���&e�|_��$����,,1
�k5k�P���5�5���;㖉,,1
;��p\���,,1
<b��qA���	t���R�ï��8��(ӭ��,,1
";ǉ�%꛸׭�����z��R�Y����٢Y��=�|�u����g/^	w�3��i1�w��Q�c�s�[~�&y�:K�""�𙎪[)h���}��M�o�`",,1
X!�U|y�.��N��$�gnW��6X�F-H�P�{���{1��%���~�&�2�9QSY�>�2o�����$�@,,1
8�n�:��lT!?'aC\܎���-Z�JXK:�d@H��5��,,1
m�DO���,,1
�a��E�����,,1
�`���P�rQ&$J4��+��u���[SO��������}��,,1
��^��zr�f��q1B�+Z0�i�@�V\Ҝ��qJMo	�#bt���yt4~0O�9I�EBB����\�:�,,1
�;�ef����S��V�+,,1
���$%v3ɿ>�,,1
�2�=����rИ��=�v>0�s,,1
�o&��4Cg[&ǧ+�ATm�׉�RT,,1
s�c~��������3�*����TQ#�j������6%�zO,,1
"�rξ.}�S����Iq��F�""z}N=wEO",,1
"C�J_4[s�R�]�+�sm��B[����""`aB��\�A��؊�(�l����h�v�g�8*��O�5[lq�2��",,1
�#��X=rcP�,,1
�m�[�ٌ�SH�],,1
P���*�M=-�g̘;�|���?�F�����#{W�h��3����,,1
���V����n,,1
"��l1�y�Xi.f�S�.R����""�=�",,1
�v�)S�C��C�Ұ��nhEOU�����n��;�Y�ʟ�FXE获`ݪsրAf�ӌ�*}`ݲ��b�e�d��g.�/�_�B,,1
6�C�Y��H6,,1
���i�go�����L,,1
)�-;��@_���r�,,1
�����\AY-�V�x��;ޗ�^��}�{�r8�����Z>m!��,,1
�J���P��~k,,1
�CY,,1
���F�_A�aA{��1��bRI-����ov�Պx�#6��S����O�^�UC�,,1
�^X���EMo�Ë�,,1
ţ��I���M���p+Y(�,,1
8��*�\��E�W>�A���#5�����,,1
�)�l�`#ix�?ؼ_���~�pQiOG����ק4�+,,1
4�i!�,,1
";_�L��dg�n�zs����1s?4�Oтr&z73%k��/u�j����m""�",,1
�j��V�}��$X0{�Qx�n����������E,,1
]��i$�,,1
�A���>��ܟ�AɪM��И�8r��G[@�,,1
,,1
�o]�D�gE�gmK�T�,,1
>�).,,1
�\&������b:5	���5H���?�ƽ��n��+�eZh<��������s��������DZq_�,,1
���|��>%����Š�HM��D��i�_���y�	Է,,1
H.|�$2�c2޳�2�{UZ���̃����8F(f�֟���q����,,1
"U��U`�b�F""jt���ՙ",,1
�!kn�`)�|q�����*�k�V�J�-� =uG�G��Yy1EQ�@��j�'��c�R��/Z,,1
"���wРŰ""����N6�����V(kH��/�AD.��b7��Ĳ�+6�%*z}+쫗",,1
�l=D�c�s�E�ɨF\,,1
��;u1�l�3��7�ր�9y]��	���(�@��:�_������,,1
��C�Cd��rJXH���b�y��x+R�/�Jr�YxD���/��@�v,,1
/��!q�,,1
87!)X���a��^�m�t�����,,1
,,1
u� Kmr����zpT�;��޻���W�g`RK1�~���hf��n5FK1@+1P�R\�,,1
NW�^Ś{u���,,1
B~{�-�[,,1
��ٞ,,1
����U�{Rt�a�,,1
Y|����:�sدVK��{�ܧ���������I�?�Y<�La���R����!���)m���Δ����#�Ы��(S,,1
"s9ߗ�s��R�y�UNy��Ϊ	_���K�e���c،[�{�""Xl��D�!��y�������",,1
�2d�q���î�����#�pb|���,,1
�p�� ��rm���9��I,,1
;^,,1
4�t/ +�������D�xF��AQ.�f�C1�;�J9�����C�s��,,1
"��c��Z޸��b��b""�^X��Ab~�&�H	����2�VW�",,1
WP5 o`�,,1
�Ql�a�hS�t����ۤ���c{ؐg��ƞ��9,,1
8&��U_�Td��,,1
"�N�[�3��������^��U�o�A-J`���g@����}G���^���'�zf<��~�b6y�{ˣ��o�1��;�dnųc��DNcM�s�ꢝ{T��7���@���F��4�R�z�r�7`k��_(��tW���f�#�""���d�1��D&O&�G>�鶛�=t�s",,1
�Nn#�F���61�u+�z^p��T������AaBU>@V,,1
z�C��[�͚��YB��/G�N��ЧQ:��qq�� �Y%F��e,,1
"W��2���9���NB�9�Qo���F""R��f�ʨ��HN�X���͒Z����;Rl�8L���5�bj�+|��?",,1
��~����p$fNo-��JE�ǒE�.�	�*�����i%��8��c7c,,1
�i�������U�\�8Y�Y��OH�4�.�t�؜�3�E��4؛[ȅ}f�p�|���,,1
I���A�m&t�,,1
Hy7��Ơoh�:����k:I��:���s��fq��m��Jݯ[#�&k���ݽ�L�,,1
���3:|�4�2�o��ގ{ҫ�ن��n����;�i����{�ph1y>K~͂�R,,1
JՄ��MI� �Fkȕ��~dE��|\��@k�w����b�,,1
"�]���݆�H!*W>g&���I��br�·˚��@���0""���&�*ήI�&�Dس޾��ŋ���*9�[�K��Q58",,1
��+���e�B����;I��w�쨵�=~̔|�,,1
QxM��P�tFS��+�(��qؾ,,1
����u������E�B�}��I����cDý,,1
�#Fa̫��|���>^`��V�Z�6(U��,,1
���x(�,,1
���Jy�tt�nLu�PGG˽C~;H�~�{��F�,,1
���,,1
��3�eLNv�,,1
RG��T�c���X�ʪ.�^Y�?��T̀J�l߀�B�h�k@���m�as��uk�&�tdو�e-֫~��J��[�-a���������g�lB��Lؖq��,,1
])�:�4JPfh4&� ���_�FGR���LX�,,1
,,1
�&p�6�6APT�|����s�,,1
|�׷,,1
���w}8�!,,1
DӦx�<y�z�m���9�W�ʳ����;E�,,1
���=�l�O�#rĞ�,,1
"g=�4�����]��J�""c�oR����{s%}",,1
�v�U,,1
"�!��""l��+",,1
���IUp���}}W�l�A[��KT,,1
�O�I��p���d<�^{�a��b�7X�a�r����_i?6��}!,,1
ѤKٲ�l���TN�1 ��\u_���ɺ�k����~#��{��.KdL=IY?,,1
�[�K�L8���޸G��w/�dM��3a{��k5Is����D�O���Y�7M,,1
"^��'f��o��J""s",,1
+��6�%/�sz^ɶ��Y��:���-�tA,,1
��I�����ָ�n�c��ʖ�;Ae�������q�����h��yW3��.�mO��;,,1
h00n:ǹ74��_,,1
SHg��:	�DE�i��<�M!���@=��-�U��NʧX�O\K����]�g� ��%�ځ�5w�k8:�R��U�rAV��\	�3T����v�w���&��<=,,1
"�kp�""Ŭ;9",,1
��1{,,1
B����2B�,,1
J��4�H�)3��7�������R��,,1
�S,,1
^��o��I4����,,1
�ۉ��F6v�w�%�X�z�=�/,,1
�Xe2o̡��tP�,,1
�RM*��,,1
�#xVV�>�,,1
7�IjA7���4�5�H��o�Z��넅A����C�,,1
�l��iʮ�1��>�(D*,,1
sA�h�Ѭ�kV�8,,1
ɝp���Fu��G�Xж��X�K.�3�V�G�~������v$.�q��,,1
O��Њ;�,,1
3�-,,1
z!RcW{���ZB�S��Y�þ2*5Dli�:������pS�KK,,1
�J}��2�_�?}:^�i�^L�ۯ.ȕa͛U�Q�͒~L�$���wG}<ʚ!a���c�)aH?���7q<�n��7w���[T�9<��?����,,1
_����ڀՒ�Mn�q�xe���ܵbmd���d�X�DF�&��G�<������]+�����ԥo����f��Hb���06դ�vIzU����/۵,,1
�e��H,,1
�6!�z�*��`2G]�|]A@�&p��OD��$�؝���,,1
o��&�V��q�\j��H1�M��,,1
��򧣺�Ҩ3�T�L+�~ng'rw<���>�\����N�,,1
���8���1Fqp���x�Pe�����JM��4O��rH%�`,,1
h�i�oK�ֆ�Ǖ,,1
��Y7s@hp�I�YNA?r���@�yӄ�,,1
�f�����?����2'���P~���f�=�g�����ب�Ш�]�нH��V�$J����,,1
~�h���1w����D(�{$)ͦ��9�L��EC��v�,,1
�;w=X�F�c��̡|s��W��)�/Sa�}�vq��Й�U�*���#�t4j��,,1
$I��B	�3@~��)�y����BKM�����O�,,1
�T����(�ʖ�k�]C'��(.�fY������,,1
zEI��Y#��k��)���D'w�M�,,1
И�Ӑ	D:�U9�,,1
"E[�q�kQ�e���Q���I�]��ὤ��J��a`�v�ǂ�XY�R����H���Z	e_l�W��v���{""�GΛ��U�0-�<�&h",,1
��W��*��>L�͖�RDvh�~��{��,,1
"qS��?*�9z��	���c}���1���/��[�%.����uL�s�J�Һ5���P��Z���B��ڕ�W<��ţ���WH9�9�73���D>l���(""�",,1
04ȟg:T޷��{�[���q,,1
�n��Xĉ>�Cd@X,,1
k��܉��!��rv �4?�w2ڒ��9޵�b��]�l,,1
��þ��#yuR'����㓈�6̫�z��,,1
�xYJ����}e?��:H��$�(�+�L�W�t	��,,1
��w�G���z����ڲ[����#:v{��E�<�,,1
P�[,,1
��F�����%nX�-?�ѐY-ڹn(�rd����c_��׈���I}̝(�l}	�k5�O(��4~d8[����켘�s@䇍8�}^�j����:�Ec.J�$��b���\N���xI^�I�9��]���߿�!GS���cl,,1
"�1�$����m��y��c""Oצ����P�1X��Ԗ�d)Bi�6�szfM�AL�F/R�e%aS��xv� ��X�p���ݺS�+�lz��p�2c�8�	EaDH �?�>��q�ȴ6������z�RG�Ӹ��1�&�%.[�oDՓ�<��c��JF���ي�(>k`ܡ��|�r��z�����O�Z��ηH�sG�хެ��Zs���W8�x�Yѹ^!�>Ve�����6���]�H+;&�`C�}�����'�����d�i;�����d�",,1
��0%��6���Ƣ|w{*�݅�~�E�ML�=W+�7�Tl��Y/)DY���Д��rB*�,,1
H/�����d�`9��Aފm���,,1
"���""XGx",,1
fN[@����:csL,,1
�î/M,,1
���DOv�����d�w���v���;(x;n�4(~���MC�$dG�z�I�B~Y>V���%���\⣻�/e,,1
�&})Avʾ%=q��<y���|N�NsF������,,1
�d�~���)��,,1
"`�|P���W1�ɤ΀k�*I�f��""�#�p�5ja[",,1
wH���J�@��+#jV�������h6� �4������%�)&I��(�KIh�ab�_P|I�+BG� v���#�_]��d����,,1
��B:���̓�W�6�M#�U���yǔ�V,,1
��d�>,,1
o�q&z �Q�w�%DHY�%���,,1
<�[�y�=�F`�*En��lʎ}UG�ב���f��f*]C��\a�Y�ԧ����q,,1
"b&���h�D����E{��Y�Ng��rڮ�>r*f�W�b=!�x""",,1
��H�mή���O���{|�A�4������٣��E��T[��W��[�5Ba:�����R'&��<�d�^*}�1ɏ�=0�Э,,1
��{�Z�f��~�sJU���w����$/f[��o�^p�T�K�:����~�g�L����,,1
�ߒ�eQ,,1
4����O2���p8�dL���!��J�����J{L\���Ni��k,,1
�^6�X,,1
��Ԝ.�������:[>u�]',,1
�4�C�@-�|��,,1
Y�뫦�Z�.3��FA�P&]�U����>���*�&�dQ2�Ѥ�LE/A��K,,1
�Bϡg<�4��6*���/�,,1
t�B7���-�#�sA5)a):oǰT��lX�A7b�,,1
-�i��*�F�|xJ�-��v��s��>���� A�l��O�a�id�Nu�x�!ܲw�z/�J�ºaq[㕦��+6O���@���,,1
����C�l)D�$OM�q�0�i,,1
��^+��F���M`ޯa_?��Z,,1
"[�l.""�P�����y�{%h��Hś�i��o@q=�7�5�ȑq�s8��]nj_�;�9+",,1
�,,1
���\���/S·�l���J���ɵn�29�.�7�~�H5f�~#�f;�d'�$Z�j�W0��U2�G�?LS���E�`C>I��q,,1
T���'R�^���ض,,1
�:շy�L��>9g-�,,1
����V,,1
w�������7��P	�BE���C�e�L�Dm���o���0q,,1
έt�����W%܏���,,1
����c[�9����ѐ�=����C�,,1
�0�Z�0,,1
!�X�}�a�J�BFI-K�Ϙ&·2#7�$��͇?�,,1
Z±!I�:�3��ߑC�2�l?�;=Z,,1
�8-�c���w<N�7�G�,,1
Ytw4je���[z��mxΕR<�̦˓��I���s��,,1
m�[Sp@�qIBS�c����Qt2S���FI� �Ⴔ2,,1
25��`�� {w�{b�H[���i�O�r����е2�i.��C ��{�����,,1
��ͯ&�yz���m���Cw��gn�&���@qC|٧��#�m�9�)+�y�!fU��!�-����s7ݨoy��f���)?�����,,1
"�m�""&đ�����In�O��\��GA�G��ξʘ�R�!�",,1
"�t56��A'=�S|����ƫ�S����F""#�E���)Vm���ݘ@����u'}�)��j�ٚ�t�>��(2X1Z�Nֵ�D�C��J�ytG`��x6��l	ԬIO��ɰ�|i�}3JtZ�u�C]�]B��j0���#y _�kFX�	�J��#�එ���""���s���.΂����j��O�;푳Sw�",,1
a�pyp��+� g�U�����/�o��n�,,1
��-����������Y9��,,1
���6��_��3���H����|�m������q��X�X���ܫ��%�F�F��,,1
oE�5&#�Gj�u��ʨ�7�҃�,,1
�ѿ�O�=��O��h7�Ujr��DZ@$�(,,1
���,,1
A�w��b�ok-E����\T��2���Z1z;Ӄ]W4�lP![����Z;�E�V���.�2���	 �,,1
�r^�.`Q��v��%:N<w,,1
S�a0�2,,1
���b�c�Kt�6���k�=���J���x�,,1
�g� G,,1
����U,,1
��ض�u��KTv`�P�dy~�*(�o�ܐI,,1
�m7���0Y�[��&X�����,,1
z`���T�~$�������a�ׂ,,1
kKvs��V��]v�}��N'E��<��W5�M�f�2�f�,,1
��A�+�vʴ��Q�.u@QG�M�X�����,,1
6bET���sL&f|�'�0��� ��#�/���^/_6Z�M����v����Tw��L~GS�>U�����M��sDpD�I�n��?E(},,1
���$pj�^,,1
Pl�r�N��4�ϓ��,,1
}U�e�F�n��ǋ�<h	9��3}�w����4��~���ծ�Ti��:��'�H��F�$�,,1
$�}�]��Q-�jKC�T�'��U��ۤ-e����,,1
"���""��V�tM��5�",,1
|E�C�?��'�m�,,1
"�#������XԴ��C���j��9����nP��LC��|Q����g�289���Y""��@�H�A��A2�5@�e�",,1
����>.n��,,1
���JԎ��|h�3�N�mb�N+@��er�,,1
���t�S�`f �t�,,1
�e,,1
���d��흛�׻�,,1
9l	/ �p���,,1
�9,,1
ū��z&F}a;��yBg�.��Z���3mv[�}9D��x�,,1
��K�,,1
"��=OE`|ol�_@i[��҉�""�ȑ�a%��Oؚs",,1
U6�SM{>i�]�n#�c��$�d���6+k��~��nRnM�p[�ɐx3�I�ݤ�˝�oz[_��g��t�-�޳��} ����0Y P��,,1
.�}oU��٥G~i\pp��FXǦ=Qj����j�M��8T�<��#a����[_�@j8�u�t�J�{>XƤ�b�M��ͽ�k��,,1
ޥ�~�P�3_��F,,1
�c1�X�_��ڨ���l_Z#��#�y�2=5�NC~B	ढ़ꟷ��製O��Ҙv���$Z6C�Fَ3������v,,1
$�;ǳ�O14����4:\�_�5�h+5�����z��������a�e[�O�C5�;B��`��L�Vkʖ��׆{;�Y��J�,,1
��_���!����]����ѐ0K�U�du>yK����r\㌱�q,,1
�`D�ў,,1
�L��.�,,1
�vѐ#�V?r���`���ڬ���į59�:9�,,1
Zҵ1���˞��T����/JQXϙbs�,,1
1~��K�v���ρ^ݏ����O��f#~�e��!�<�کWHj�V	��Ó��?�)��a�Ks���zeoKϔ*^n�).,,1
k��F�1�&��:N,,1
6�W��P��콡{ʜ�L^�B��p���]g���W���qN7�3k�M,,1
���o,,1
���hfqi.pGP��@�}�=�i��&�7b���ld7�2�Iu��,,1
�{;��B�3���!,,1
�?E����wt,,1
Y�R����p��K4�2Mt\�V�W-��2Nb,,1
$���q��DYM,,1
/�~�h������?$�\F;�@ƘxfTR1���Ʉ��:�G����v%t1�Te���F��g��v'��ȺV,,1
�Xh�5��,,1
V,,1
���X�G���*O�4��e&(���������b_��4g	��=�0z�!�a��;	{�9yg�CD��VD��d�[w��?�)~��h5��Q^3Ռ%2+R:6=}�mbU�,,1
T�&xB�4d0r>�A��V�VvH�s�w!�E,,1
��uH�5��+�i���K��w4�vᘋGwe����,,1
�(o,,1
�C]n�,,1
+SL�̿K��Vwg�͑�њ�F����L�'�Bp��<|o�M�,,1
��X��,,1
OR4H���zﾸ�oL�ߕRk7�#�[r�{�&���B���'�T�O���>����3�c!���B�DXK�_�X8ײ_��Y�[#)ŀ��<2mbō���l_�(x��)i���w��S�)��e/�	�:���7���^���)t�V�Sq������80� ��[`kb0WLI�m��x@�>&A0UL�YJ�DsC�y��ձJ��{����Ÿ�7)����޲<���,,1
�g�,,1
��]x�Z�!�$�U�E,,1
�zM@��P8�?U�G��#,,1
'� �8P�c=�S�B�ǒ�K��,,1
�M&��ހ��t܋���:��찞x5,,1
��a[$V���}�7��H^-�w�<�9�M]�,,1
���ò��Y`%��@�- ���p����rw�Z�&���d����|iMq6��,,1
]@�$��� N벀��u?�,,1
�t/,,1
"��8��݃������H�HW���q�S�l-�FD""r�����`�tjq���w1��z�",,1
���^��%�Lۭ�^Ժ,,1
S/�_7��,,1
C�t�8�?W@�4<BBh���S*�z닄�p�a�B���g���d~��,,1
�؉	a���ঐ�,,1
�jE���g�#�����dC�A,,1
��lӔ,,1
��O��@�9����,,1
C�J���1��z�Ef�,,1
D���浈�'wHt=KF�:�&�A�Y��������;�����2a\\'�oG,,1
?O��](~����c��m����0��<�T�d����,,1
�C��ڞ�hF+���TSh��&�-�]+�k>\�[n�=���X�G�\|&P���M�H����1�����eTJRcƘ'K��㐞9^@;7Xw.�F�c�Txm`�T0�Vb�؋�T��,,1
S�r.��E�(�s��ˌlC^�,,1
�Z��O]��lWq��n&�֍>�,,1
l4�4M�<.��勪Ê)̛(E@O|=(�,,1
kI T$⿼�]�:j��%)�.����8�s-_�,,1
4�2�6w=c1�i*Rѹ��rz1Au����TP,,1
�d������U8����%��&b�qbn[�Y �H��$��&j���*�,,1
"5��j��K��c-��F����tp;zKm"";}����H�B��p�W�r���ى��hO/l4i�*��K�18֓~ħB����",,1
�{Xy�`�&;,,1
Hk�V�<��L���B�$P��-��u�w,,1
��5Y��0�=l\�����^;����V�)�^x�B�Ti,,1
(�L�M�$Ɗ˳)v�b���'�I��K&�c��,,1
"\��=>��SYȁ?��ʼE�]p��X��B�<�>Cm-��`de�a�p�Q�9�G�%^�e�p"":)V",,1
��m|��3����¯5��w�.,,1
��Pφ�ר,,1
TS��ץ�,,1
����@�1Cfq�GF4֊.�$Q|�{��]:6,,1
|k�v��+,,1
"t�r>bڭ�����b�""Φ|$��� �",,1
0.�kz�>!Q���q:1�U��m@�t�0�StpB��<��,,1
ˡa�,,1
"Ĕh���̤��S� H����S""S��)V�",,1
OA2���!��GLa2�~������8*߸t7�y���׭i��4��,,1
�(�Ԍ�y��.@�k��{(���:V��1Uե��FL.�����.��Ni,,1
F���8?��}$�,,1
�B�Q �H��i>|W������~v������~��1�,,1
f�'��t�,,1
g������]���<j�0�$;�������Ù��M,,1
��'�LQ,,1
�rѓB��}~��:����,,1
׵��r,,1
�'،t�:�^Z��W�x�q�1�P��|K��B:�p,,1
\P�遣�gɩ�s9�A����FEzDx��g�,,1
��k�j�oC�;�����D�K���>��Ft�6���t,,1
�ҋ�=��jC��b��G��{�x,,1
"���b����25_�������e�""��7�K����Z��n���~d9����D�B��	�	���L�������'ر9���7_I97����f����`+""��]�Ӎ��-l[�������}��s��k���Ά�XjQ",,1
+��|��u?)��Ɗ�4ϗ,,1
�W�[(x�8�î��0CǞ[V���^��D�����N�iغ,,1
�xv��8K�,,1
�@��E�@_�(��ˬfu,,1
s��X�8B3,,1
]�GzM�`��d�Y,,1
/g��FJn�E��J�|��������0�����#�~b*�D���3��j�b�Eޭ�� /.�-�@�,,1
^�tj$�ղV��V�,,1
"�ݾQJ�:D�""'}8̨��Uv��Y��",,1
�1,,1
+j�t�gr�,,1
�*�{���$� .��m=���y�����S��ڏG��/�)ۗ�L\,,1
"�c-bh�\Hk""�",,1
�/s,,1
��TV��Lfs~Ǳlb6J��h1�ݓ�:��I�N�}{l���Q�t����,,1
��v���z��a��Z�8��$`+�Hj�?���R�͖C(,,1
"Q3�""�",,1
r`�����;�vdSE٬��1��꩛�n�����#J�7]N.,,1
�ر��,,1
��pa�2b���cYG:,,1
"�a�H��""�q�Dfm�m�����pc��ƸK�n��瘭�ϫ�",,1
"����o�����!�����o��.�|�oϖ��أ���61Y�6��4P+V�b��`�KT���YI%��L�TyW��^j���HtS""7�&>U�^S���",,1
C,,1
�qs	�Z,,1
�E3B���c����Y&흫H�����6�Hv�*���=,,1
��C�]����=�y�.R���F���X,,1
���Cӏ����9�ՙE��e<����ݳ��,,1
�W���p��W�7:�̔^8�!{m�ŀ-:Z'nɠl�F��+:,,1
�kǄ��]���l��3:�&�`�G�[��[�x��$�'�8��ї8ʿԔ4!E���̀��Sx,,1
X��9?��b}H��T,,1
^7�˧��X;Z0�Ns@l��h�K<�)c�1�16�Ј�'�,,1
+���:�$syx7�P��$yJ1��!����y�MN�Z�����4�����yU��ڈ��E��%6��A+�l_}7K��,,1
�o�:��w[Ԯ8R]ڣ��9������y7T�#ހz�cǾ���,,1
��*��!�L�0v���L��V�'�$��l;p� )��,,1
X/�-���v&���l,,1
�il+%��d��?���S�p��s�,,1
9,,1
���G��0�j�S�[�uvMldZ�z�,,1
"�dQ�_j��""fV������K�$��z=(�`������8�������u	�8�R>�o;�Z��!�=������e�˵-�",,1
��n��?�u!f�db��#B,,1
"�N��;󘋭�_�*��A��2���2��w��m�on=�p1-�%�����S��fj�U""�0��",,1
�S��QY,,1
���;=Ҡ�Us�MU.ԁ��k&��v�c�,,1
��K\ZS�*mRi<fU,,1
�4��SU�o�,,1
"�ۡrŽ�){A��ʔ�n��|����0��""��m��o�t�a�.�.��x��3��4MIPB",,1
j	�і���>�n����ؓ`�k[H;������	�60�dd�Z�<}��,,1
�Q�m�4�?��,,1
�*?�����sce�,,1
��J�<�`��7uyg����,,1
V��O�,,1
[$�',,1
"A�ݷմ�累l""ӵ*œ�B0�4��b��͆oe6�h�",,1
�ޥV}]��R?PyPZB뱣�az0�C]`��s��C�-)��Z�;A8h6�Q��|J�VS@4�˥:�2����������9�Pc�Ս,,1
��},,1
�M����\��=�ͪU�yt6f�3�,,1
U+�D�{թp�l�I�:8n�z�[�~��,,1
��FQ>��ͱ��,,1
?��d�w����y.��Ν{f(M0L`s|�@v���,,1
{������.���!)[Lz@�!�hA���.��_S7`S�����E|����p@���y�#u�?u�2ɖfx,,1
�q,,1
��`Eo�@�ٳF=�'Wi�i%I���<��B��i��z_�h6���4Ckc��mВ��K��,,1
"LQB��AI�|{��2A�I3�����Ҕ��!�pg\���no~p������	�l�L��Gq�9%55o\{�;X↨�3��7��-�x��0���bAF4.bQ_ic���k�hAt?�֠�l�""��֔��Q",,1
�p���i�G�+���d��A],,1
��C��pmm_�[��FNt����ϖW/�|1H7�B,,1
t��,,1
������C�]����$�����v�,,1
"|%��z���~��_�f2���|�������4\πCC\�>��O�<d���۩��J�[""�}|x�����o$4L$���""D;k�e�EW����<�0�&S {�ȵ^�3��",,1
�c�=,,1
�#���|�H���,,1
"Ԃo�Lה�����_|0;�""��h��RY��&?���PE��l:��dY",,1
nZnɏb�3v6s�#���,,1
*U�XT&i�`�<�v^��2��,,1
lq���x�`s|���2	�r,,1
R!]�5�s�����W����H�wi�V7��r*��Q�l���gX����7K>�4��D�%?����g~âs�$��*���N%���jI��0���,,1
�V��e26��ĉ�,,1
(��-m�oʂ�p׆du�y��(��,,1
�?�v����� M$���g���%@ڕ�����n�	��ֶ�+�b'�q�oF��:I��>h2����G��]>ß:�]��,,1
/e�))t9d��b��ʼ<Y��0�jQve�,,1
k0f(Ï��c��QS���|T��Vi\S2��&Ş����vUK�r�_#�6�7z8���H�EiJ��*�<r&e��Jwd%o�5��,,1
�Z�w�8@�2���,,1
y��q�B7��������kJ�ga���@�w:�B(����M���.-O)\�l,,1
"�|"".�ڤ��B""�����qŤB��eHu0f��� 'P����̣�E�$RS��q�7~�s�X�+��3�����-��W��w��/s��4}",,1
��F�/.W5?1�����l��I�ӣ���j��z��.�jO8�u1vb�j��Qm,,1
{�����A�ٚnRO����ʴy��A8,,1
Aj:68�,,1
"��u�rd��zQ""��9�z�I�IN�s�������",,1
��W[�K,,1
s�����@{*-ڳ�m�~ ���,,1
u�L,,1
!�!u��1,,1
"��i7�{�F?�S4�E��<��q�?BPx��=��Ko/����nl����sY.3���y��""3�R��|�h?S��.Pe~�&w� CX�بn�b""1�r����	`gJ���@e�cׯXt!})@O?�΢�h�gQ6",,1
і���8��g�,,1
"�!J�4""	nQ�NZZ-",,1
%��~{�+�焾|㝩��@w��e�Њ�o�,,1
>1�V�]@�';@��,,1
���Mx0�{�T�,,1
�5f���4o|�]u�/���'n8<AD(,,1
�&�	�>xX�w�ȲA	'Kɴq�j�p,,1
"��	F�d�>�ll_d��~22��D�""U��`xe�z޼��v�� g\�}����",,1
O��,,1
�P��c<H��'4�,,1
��0�6��^�q�����i,,1
p��0H�m��Z��������˦��F���᷍�k,,1
���y���.S,,1
:��n�������`W��i� �Ŧ�K'J�!�0hpm%���@�X]ϑ�Ѓ2G��DmX��4����Y�����a5�,,1
fO,,1
����]����S����V`�j�2Q�1{:��,,1
"�D7�����.��&�K���8�4��7��7\Ȇ=��/'F�f(!�R�b����͑4Ѷt~�UF��qq""� Ao_M̪�<��J�U�i��ST�",,1
o�&��,,1
"�%LZ��¥{\H�~�ބI��o��""<!",,1
:�,,1
"�:[����O9��y��}���C!�WO"" xJ0�ϤKu���NY�퀜l17y@",,1
=k��¡o^��(!�[J1ņ�;��^�&�,,1
���'j,,1
�i��Us�=#R�2�s�O�Y�����<�JE��O ��Ǽ��b��m���P3��G�+��,,1
H��P���Ĕi��/��,,1
@/J|���	�ٌ,,1
������^��,,1
~2?,,1
"hÓ;""�~W74�qvY�H��[��B0��",,1
u�ʝ,,1
"�1|$�W͘""<o��cn�;�V��<fD��K���Q�x:A�2[�ؘS��Z=w�o��""/%sLP��",,1
��y@��O��$.�U�?}N��,,1
y��L+/���,,1
�l���~���\��X��{A�����o$�h�`}�(���q-�H�������D؂�lW�����c�� D&�yK�k�1\4�I�kj,,1
��Ϡ���<7���ʮs�	�(����(���(��ToⰧh,,1
@���B�7Nx��S��,,1
�|w���|燐��	Q.f��{b~I�/�-,,1
��G���E-���|&�#��-��R-�h�E����ݜA(�D{y�Q�P��T���p��)x�,,1
���u���7�k����v8���-�3#���D(~�]`�1�,,1
lF:xǾ�pd�0'F�fnby��OM��,,1
%A��,,1
ܘ՘`Z�b��(h��.2�H�CA�D����:�A�A;g��wx3�&&���\�eʂn�].��;vÚ&࡮pR�%[��j%2	��K�DW?��@�Z���,,1
�7�m�����:d���ƨ��y���k@�5ky�8e��J�V8�v��v��]=|׶��}�8xo�%>�f�����l�� ���6��onD�e��$O����D�ԓ���iT�oJ���#,,1
Ȑ�/�I~��^;�Bi��K����(	��8�,,1
��% �b�,,1
y�@��/Ӣ��J����QV�F@�F�A�U�&��{,,1
0�I��U��{�c�71z=NI�bD�+u�Kf��+y@,,1
pׁ,,1
�فDr�;�6�hP�`�b�	�k5������~@=�S�	#�-ݮJ'��[�K���DT̍sSj4�g�ϯ�sγԍ>�J��8Tږ*x8�7yg�y���5Hg��%����$��S6����&�o��ӣ4��V�xu�)�؛��q!��?E4�r^�����,,1
�>�U�,,1
�\,,1
X�A,,1
�è]���5,,1
E5����&pS~�C��:,,1
��V�Mؚ���I�s\a�h�������0R��8PA?�Z禑�$��O�;8,,1
CcAz�f�P/���z��_�0[g̾��KA���)���.V�Δ�(H�,,1
9<�CAjiް�걺�w�p9�g��_����v�L%Ůg���c�Q�jcx]�T򛌿i4����譩-���V�CL�b,,1
��W�岈fCHg>�m7ҟ��y�垌�4�,,1
��XY�!OoQ0�)��,,1
�h��,,1
����Fv�k���V��AuA�Y�-�{�C��W�G-̏��,,1
��3sEЕqT�1y�u�Kb��&m��J����	58 �o�S��5�,,1
��CGM\����,,1
�}���������[(��W�\��,,1
G��b���p�K�,,1
w9L�z7hR�������?�[ž�O���ǔ1CytK�KO,,1
���z�~�s?Ymh}f�ݝ�y,,1
4x�h��z����i������Sq��yF����8�_U��9e����,,1
6W�#\��f(O,,1
}���BB}K�1L�X���v�,,1
l^������ݼ)46\�ܐ���,,1
�9�Wܷn�[�9�g����,,1
���̬���b��/LQ�Ič,,1
Oj�-,,1
�ۯa�o�U�?:��Pذ��%�YGG]�l_�,,1
n�`w�{��=w��t>K'�,,1
��M������͙){Q�۪�^,,1
"�eʱ\����t�U��j����^А02���/?�J�Q�E}H�����Y�J�0.A!Y��""#���|�z^���!��",,1
"}�#��������!�&8�.��E��O&�[���t���oq����""��i�o=\����",,1
}H,,1
�t{zθ�=WJ8�&�Ʊ�AL������U��,,1
)vZ��-��MF�m�lݠ@v�WJ2�|���XS�f~/�rO�p��V�k,,1
@Z|�ad�cG,,1
yV�z����4�,,1
7X�^����a>]��-~-ȯ(~rV�(,,1
&EZ��t���h�}˕빓&|�E��_���_D�0�m��X��qD*Ut��M^�����2�Ԩؒ�ӣ���i2��HϞ�_4����$,,1
�*G>W�uN��L�`�������L?�N���_��ί�;>�G��IZ�a9>%�[-�����!r�Jj���$g�����W�#ֻ@)��D ߍ�x,,1
�6-���n�������Fz�ث8ڃ�c%V%,,1
9���/�J,,1
t�IuP�!��<'�}�,,1
/[Y���9ty���վz�����%�li�5,,1
�s<�L'8܏�v;F1J��|���9�dt%�$���c����k,,1
i����0�炙�C�A�>��D�F]h��,,1
?�S,,1
�[i,,1
ӣ	��4�(��,,1
w�pm�Y���,,1
"��1]�p��%^��͇0)\�]���@""�@`�q���L�|�.g�L�M",,1
y�K�!#g�|K�/B9� ��CjS.ѱV)<�Vf�eJQ�C�Q�T�T!�^�D7P����*����	�xN�7�_�:A���2�2}�o6B��݂,,1
s���D���+,,1
ز���6�����Y~y���;,,1
�ه�q�E-U'c���e�i�r[}�>�9��,,1
��p	Gw9�$�2h��	��ٳ�J��F��6/ g��sE5�%0(�j��qI��(b,,1
$����1_���FD\�����,,1
"��_[�j""!gM��",,1
3dW]�h�P,,1
U-1��&��җqׁb�#����G ���']�2s�1q5�ᨅ8�+��ڹ�'��j%��JF�,,1
�w��X�n��GQ<�,,1
�|\�,,1
�uX}$����,,1
X,,1
��m����H��X�_+3�ub�P$�+����-���õ�,,1
W<�xg7f��7J2|,,1
�q����z����$��d:�i	�,,1
'���i�P�,,1
�.�O@3�,,1
�C��;��c?��؆/����	Z��s�v���:xܛ�����,,1
"(��KoR����I2�:���ޜ+�@'��%����Ǔ�aCxS���ݢ#������o""�ֿT� +��6D",,1
ED�V,,1
��:�,,1
�v�]a�4M�J��,,1
��|�V,,1
���%,,1
���/,,1
�Q6-�l�۴r�ce,,1
~T�9�� b+C�-��9;��7y-�LP��F�H(�pEN,,1
v,,1
�MPI�~`,,1
B2Um ����<�b5�'ѱ�!#*�p�),,1
��\����Y6H�I���_�毳R�9��G%�Ӆi���M�8_�,,1
_�ޚ5=�X�q,,1
��?�(i��	�(E��m.��6�K�q6����}9�H땫)#6���ek֖�!�������~���,,1
ݝ�K��Ep,,1
��0;c���C�#5��>v�h�^�'5]�i�b���*d()�,,1
ɞA؏:�	��䧷-P7{�w�8�wsw[,,1
�:q��k,,1
�/,,1
��zM�,,1
$�1�[����E��(��5�,,1
ua��Or���5�11&L�,,1
��🶳\I��S�e���cjŃ���;�uS�mtǎ�(��2c��[/�f,,1
���G��	FÎN�:)��0�?�!H�8���`4�<z�,,1
y�?�NlWJ�X&��R��5,,1
g��q=�:�FQ�� (��,,1
�frS����w�M�]s.,,1
j�3��I�}*���K��&+i�^�=��?���X�W�A���-��t*���i��|	|�T��p$T:��U�bIN+d��߫.���:�f�ɚ�]7�G�U��b,,1
a,,1
�Lβ����F�곯�>,,1
"|�>p�Mg��*ZK=���d�ol;�*V��уA0�z��""Q�r5?��B�t�e�������5���O�֥@�33A�\���zR�ɨ~��(�)%����T=H}��",,1
ro���f9��c��ˇs[D?��G�&,,1
��'�=MJHyE�i�tË�ᓩ{G=*<,,1
�-4�RQ���,,1
�x��W�5��i�����[E�w�ۗ�;Q�.���A˰XzI2�5X!c		�sP��_�]._fl�MFΡ /MC�4$sMH�U���yc,,1
i��&,,1
K�a.:X(,,1
*�S�<�u��kNK��ĵ<�36%*���5���m7��\a'�&^z�{����Ee�q87}�,,1
KLY>oIζ�0��iN�7���bR��5�]+��=p($r��,,1
��D^ug� ���05�y���.;.��e��9r�8�*,,1
!0�,,1
X���,,1
�=LpWYnq���`�gj���,,1
�H���߫Ń��{���|��,,1
"4�KX �""�Pg��#F�K'L��?�5�_ʬ�[T3)ǬI�P�",,1
�E��UA��*Q��+�E�Q\�����|��/	Kt��H0�~�S�e�oݬ� �%�,,1
�� ^ߐ�9,,1
�����Ǡ����͕����1L,,1
��J,,1
i���1GY��fi=�Z5dI*�{���Nρ,,1
�S��$P���,,1
�W�G���}2&�7}x�bb��S~X���(��JI1͸S��o	�sz �7=)ֹ����X��@Y:�`��Tc{�a���Ω��G)��R�����8���}ǡ,,1
"-1_B""��yHk�",,1
ߋم��8�7{s��t������ݪ)��rC�j7�a@q�*T�1����:Y�&51��Q'�,,1
W��F�5��� �RE�G�J��	�~�eA@��O,,1
�XeFR���)h����'��t8smƺ,,1
������'���b\T��,,1
��.c,,1
����$6bZ����`Bd���,,1
"|�'x�	��jj1�]$&vwтk�?�Q����q��������zo��25u!|�ʗ����T�#��GO�^b�>�yM�����*""`���0�l�=�SZw�*m�k+SU�eʬ���m!�7�ԣ!��6*�ݖ��&$9��:�Kgl",,1
^��(G�;�v�`i��:nn0O�+����G7���SF�̳L��ю����=}����[,,1
S�lɶ��H��6j]�-�yo�������S����M�]6���i����{,,1
��8X�Zp���,,1
"I�v�CWP�0���/o��)N߃�ê��:^�Ec-��	(d�L>���	U�W��NE4C?~]9�`�q��[d3�+FqU8�&4#T�O����4uG�����}3�ẘ�*��aT)f����h$h��L�wtmnHk�ߣG�{��۲�AJ�RrC@+k�VYm}qՈ""l9",,1
=���i���_���t��,,1
k����,,1
�;U��)u9��B�,,1
�%)ҝ�Z�*�p��A/��.|8�*�~��uA#T[��u��i8M!�*��eE�E2,,1
��H�n���L���7s0x�/��U2~�A��Ș,,1
,,1
�6]�,,1
�q.�VR�p����4��WB��Q�ДR�w��	33�M�,,1
�F�ԀWg,,1
66��X���۾w�������#�#���_��kH�saܢm�K�q����螗�[�������m���,,1
q�ĉ+,,1
Qys������ֻ,,1
2V8q^����	ܷ��t�8#���������BW�,,1
72n0��A;�Ԧ���H��K���,,1
I��]ۄd�ܨ6��E�_�]XT=�;:���3�u�Y����@bQɧ`~&����Y,,1
Zɧ��=�V��K`�xg��G<�D'�Hm~b���`6���T�,,1
�l��\�|(,,1
"#""Z0�Z����K�bt�7���[W-/�rcЕdų.�.'y�jY7�e�`�b2�3=pˠ*O",,1
��tr�M�}��U�?��9��~�Ij*@�-i+��YRL�z���	4����l�����%T_J����,,1
�?�4߲��<PE�:_ǖs���6rΆT*qp��o���#���v{NV�l�L�nt�����K,,1
�r,,1
���|9����G�X|�����~eܔ�,,1
�VM5���i<��צ�]��[��o���m��|r��v�,,1
�OS�$2GV�;vp؇� �ƇC6������u,,1
"���0ƷY��:�a$%E�G%�""�7�������""�p�$�>��",,1
�s�bb^Ġ��$�3����)�)��L,,1
F��F�,,1
q�7�~�^-����B�K��m	)�z嘎��'�;����ΝF,,1
p,,1
"���_;Y�Q��؆�g����:���$�����Cmk&��~��;2��F<�{�C��""5[PVX��e���w���m��9g",,1
��R�O�:����܃vKi��A7��5N#ߓ�5,,1
`����,,1
c%9A,,1
��]��\�,,1
Ua@��K�N8>Im�VT�E-�������QC�l>�8Ag@�G�~�����q��X,,1
���~���i2����Lʼ�r?lf.1[߀Hf�#�xĂ�T<ӣP,,1
�q�'��dN�e��1�(oU��zk8]�P��o��2n~�f�d<o�uՔ�l�VU�W�'=��xi(,,1
�W���Q���>�^�#G�[;��(~Y<��,,1
H'GXw-u�w�c?ŏ��_���)��(j�Vk	��Gd8$H��k���P��l��%)��,,1
:,,1
"s�Y(~K�����o�oZ����n���7���)Ӷ���̔-(��@C8jݓ���"";���Mb���P�5��O1MͰf��Jv�Ll�g��}]_)s�",,1
đ�[Z�ׯ�t��Ѯ�$���n��>�BޜM�������v�}g��r�T�W0�ޯ,,1
��#r��\0��4̿���c�8\�,,1
+#0A��N�u��ގ���a,,1
3秾�J6d@�o�a}�D�c���I)�\����d�,,1
"��J���Hx����޼|���n&""�%�>�z�/o���/���",,1
�ND�,,1
�f�&���ό'�p�C�D�Y5	;t̓�ľ^��<So�,,1
"3|�I��s��""��^.��<y�'_4j�Ƽ�m��YI���P������u!t�",,1
�1��#�&Őʾ�)��g��W,,1
gK��Q�a�,,1
K�=�fx�d8�,,1
d�a�^{�q1#D����4O,,1
K!{[y�[KtY�Kd�6�9��x�@�~�ʑpbf�I�6�3�:H$W���@�dMZLG��Ixgb�,,1
��3�'��d���b���,,1
���F'\`�%+�g�ꢨgPO�&���H��!,,1
;V[ڐ��0�P�t�]��#�u#�L�B��h�z��,,1
��>�5D����Z/��rCm#�� �ݷ���,,1
�}�]�0�տ����q�:�N��nz,,1
��/*�7�Z��g��njh�O�m�d�#A+,,1
غ�UXU���e@��Ȫ�9%ިއN]���,,1
�ጪ,,1
�Z�� ''G�¸�j��)�B��)��X�������?2^n�I�l���WG3�<������C��H�9�]�\�=�ME���N�	�����,,1
"��&�0A�̺j�����R�kna))GGbX�´fÇq�!+�J��FV��sS_�J(�z�+�+@|""��Z",,1
�1���;$�v��MH��Ev,,1
M�Av��չ+�+����S�@!D�Fp2��t�߬�ëz,,1
Dq3�i4�y,,1
:=�=J�*]24x�9���R��{���U�w�}�,,1
ȅq�I�h�p�wւ��θ��8*,,1
���X����ɸ��J$�ڕmVЈ,,1
�]�������a�4(�,,1
"�-N�����C�M��""1xэ�",,1
W���%��΅�����1,,1
�,,1
Υ��A���/�?(��.!l���a��7?-e�����)�,,1
�a��R�����y������];sq9QY&������N�d��?�<D���=�\��Kh,,1
�5C'6�����bU萔v:H�	�,,1
�R*w$�j�&�ɾ]�,,1
�����$,,1
���,,1
��>ӻ�yc�\a,,1
~B���bw��],,1
sR������%����qһ��O��ԓD�I�U�OY��І�����.@{;�f�3�ϟ��#�6q���w�V����,,1
"�/��󕨖<�u-򸛊'����0Jh�Z�-""�<���Yg�d�3煴6�;��r���",,1
(y�t�������>8�nQ����lQ�hR0�ldH�7��%�V�H�`[k�Qb0�iVs�*Dj5�����q��)�m��Iy|,,1
�<<Ͻ]�H��jdO�5,,1
R(<1��c�jB��	#fP~&���'Ɠ�^�C���^�.v��7�u�D���u��)N}A�|a�����u�1(�����3LPM�v��|,,1
���]bb,,1
ZH!E������<�����	',,1
�04�aD4��ηbuh�o)����,,1
�����rw��1�@�HW���`���q��2�Q��g�����,,1
DfY�衒�>݌9M��R+N���L�b���)�,,1
_ѻ�C,,1
�ѝM����G��s���-�0K��;�Ì�/�mDr�+����F���Vc38ம�k��8��@}*�Ј ˅,,1
���b��18�7f�,,1
2<���ܝF�4����%�i(��1}|n���P2}źٚ�`�n�������ʶ�Zbd1�,,1
z�̠�,,1
R�+�-�°žYXiDo�,,1
q�3?��^.k�y�1��K�_��LH��,,1
�5{V�zM����E c�WB<f�](�#$}� ���ߜc�b�,,1
"�m��#b%G��\�h=��0)9:��)N���ч���s^�u�����\O��""eVT#��g}���BX�ۘt����p>�̣{P��u�e	[���᭛��J(j�2~�ӱRD?O�R�6[|��{��[dq�V�Y:5A� \�P��Ed[�g��>Q�G",,1
"K�3a�I�{�Ed""���4>�)������&�""��JqR�����\P��u|�'%��كN���5h",,1
"RII�l[��A���ݐ""D����'��B~H�e�T6%���{�""�G�r].�+��@�1�nnSi�њ������#fH+4/��;�B\f",,1
�@��T�ae�p�M؎сW�`E�s'�IQv2�ݨ��eD��N���M���R_~=2�,,1
�S�:(�#���A�	�.C���-lAf�2�?,,1
"2-L�����T^s���;)�Y!��<�L��:���""��B��'B��o71:x�]���o]b�r��<�Tq����B&?:-ʴ��w�1X�C�[9d(;UA�Y�",,1
l橈���	Z��-���l´�\?Z/�f���O�ˈ�,,1
�a��d�V�rm�'�[��Qv��'�����Eb����DM/��,,1
��-�,,1
67YY�a�Bo��72L���#��H��|pf6,,1
�~�#�~��xG�8k?e�,,1
m���ɳ�#R<�ѿ�eC�܋Q��D���Q˕��v,,1
�˃c{�],,1
<`���J++3ٮ�a�x^�.z�3}�A�~���G���˥�С;vV���B������c�u2�oc_��O��3q�%�c�#|�,,1
�yҧû,,1
Ҡ�yE1}�Ɣ����[�h��{�Q�1<G���,,1
ᳰ4�����j�;P�J�,,1
<wl�e���,,1
+�\V^!M����m�4�/�z����(s@��T�B�qz_N@G�q�@��JX�9?�� �E��\Eȅ�):pK^����/�-e1�l�V�/���V-[�{�H����ҙ[��ǜ�,,1
���1{�L��|��Q��HC�%i��6w�PZ��F�j,,1
\w�Yq�f�/�v�:���W7�.�]�$��͎��-D�}Qe��{@� ���{�s�T,,1
�}�ў{�I͸ef,,1
�rФʬ��u�����Ӿ�)`i<0�b�7t5b�	M���2�v�ԩ�Fp�����&�s2�aJ�:z������,,1
A]�[B7ˢ[��G�ѼV�,,1
�7���њ��s%�Ukj˪���.�}���<,,1
&�J��9�ѝ aK�*N�^h��Q��[F(fM��e�L�W���g�S�<>vb�HBm�U�����a���,,1
�N=Y/[+�U]�y/��l��+��3�_�F)/��t,,1
"��������u�Z��e�U""xݶf�전��� ޿",,1
���BIv�����N@�q{��ߎR)�[�B�1[k&v,,1
"��֢�C���WD#ttZ��p�TAv���FL�)��""�",,1
[J��N^[�r��e�(�i��M'6`����;��&���L}*J�o���l?Qp�~j,,1
234�_��?���N��3�2�@�,,1
����ӆ�t�E��,,1
��,,1
$R�c8�I�%?]���~#Ƃ���>d9�C����;[�2m�Mu���Tӕ&A��?#�Ӯ��D���S��<��W����i�o��,,1
s��ׂf����A��ο���K�G<��sK�t��,,1
F:����MH/����7�rp��0�Q��Nko��_!s�ziP���7i�X(T���=/�Ӭ�Hws��-�8y���gΣ����\��4]�C���)�+e�h���,,1
�Ґ����UM�,,1
3��>�k��.~�;�l���	QW��~ggA������^$�#�%KNIt����I��L,,1
��w�M2�^��,,1
��%s=���u�hD�X�Q�'4�e�q6�d�>^����AR�,,1
�Jq����,,1
�H����.��X($P_�c�'C[Ϛ&�y�Q,,1
C(�E�=�S�|>͵䅃`�cc/͑�t#R.:�NE�YHU����'g��{����RD%�N��{J�ǂ�,,1
"օ�YḜ���v:�0�������B��s�׌�NvWu�h@&?�?ۥ�͔�a33�[���[""*����",,1
xhݻ5�^��oq��ޤ�l^��������?�i�,,1
������Y��*��>�Z�;�փ(���Z�pO{�D*���܍C����%��v�v,,1
#zh+�׮�,,1
Q�mf���2,,1
�Uy�,,1
�I�z��v,,1
"�?��+�I�O�G��[3'5�=��""�z",,1
���3�,,1
��Ų�/��M,,1
6�BmaCR�G,,1
������t�K�Oic��[}V'N&v��6�Ƿ��XӭU���!NH�*����-�kݜ�ʨmPcD���i̍�����Q���*���Jl�?�RF���<C�\,,1
�D�Qz\�b�����(�!�t�iQ��5�k�?��,,1
}�_��\L�b�؜�^�M���b�_��!,,1
Vi¹H,,1
���Z�|�Q�IEs�M�b~H%^���q �y�G�B����Hͪ���m�j�����~r��a��,,1
6��o�,,1
aK/���L����*�@<�O�,,1
��ja����b;��O_��G�!�,,1
����2,,1
�)�we��,,1
I�n�o��i�؆�Xw,,1
?�_M���b�a���6Eg��#�C(�qչR�0�u[�H-]bC��^�o��lK��:Q,,1
Y�G,,1
��.��JͳM@ְhNф{tL4����,,1
X�)D:�t�,,1
O�k9;����w]�?����F�)��[Eؖ��%Q�	��L,,1
��{��,,1
��%�~p]����-����,,1
�_Ҳ��C�,,1
��|Y�;}C�Z8�>���}��K0�������ڟ�����}�^Y>�Fk���eL��K�~d!O��C��t�X{��A��3,,1
~}�@�ʿ���ς�D(�<�O*�I\GR��ޮ���2}����o��,,1
"L�(�Z���.I:R�E�{�1�IV���!QU%�A�v��.`�p��o��M�C�����""!���",,1
�ħq�/�VXv,,1
+��9�M(���K��T���p�Y+9le!�@WL9~]0�WY���I��#q,,1
����~������$J���?jr����96i��%�V�?�����<�u3S�]��v��b���Z6����k��*,,1
뮦�,,1
��/�-��3���@9�$��W,,1
�����[֍i8,,1
"@潄�}K�̡�t�V/�r""��I0Z�#��=",,1
"'^""kK^�3�T�;^�j��ө?w���>��w3�RP�3",,1
���8��$8V<B�.�@�jom����������]��=�1O;6�����F���o�%,,1
���jS5�����!�R��r��,,1
~�n�?�=�Qt��B���!�Բ��]&ծ�(,,1
���{/,,1
ч��𛞛���k`�i�a<16!Iso��������ZRm,,1
��[Cb{YRA��,,1
��I��,,1
P!�G���,,1
"��&""��;�^<��W��XkyL9Z",,1
�A�4�BT�,,1
�?n���0H�@1���k�i�Iٺ�����;z�,,1
��w}�M�,,1
"�ħ���F��P�����h���9V�����zUU�t�C""3�ЎhԔ�4^�VV��;�|މ%JƐ��+���̶�S 5?鮺sg�0�ln���8�C�%���8�}�w�0��!Q���{���@�%���Q[�kog��n}�hyo͕R��ZE",,1
�ː((�,,1
���<N���g�Ig� ��0����x��w�Z̄��*�|��,,1
���h�s%��,,1
5��`�w���H�W�|�.{A�r.;�h��5�J�eUK?���Yڎ�(h�1Ml�o�ߐ,,1
e��V��d�1�,,1
����@����o&=�,,1
������ �~M> ���<�j����u���42�$L�(�tD�r,,1
"�4S��^	]5��v���;�EZrN�?""p5�%�#}��C���Y�m=Y$�po?u���R-����Z�LLCx�w�H;C]�~��bs",,1
���)��d$�V۾y��UI0�#o�5��W,,1
��B|0F�Y��h��vs྿,,1
��/om���8A�p3Q߱�E�G����f�hՇT�m���=�MQ,,1
��H����ҵT�1�����{39���ArS�����0�]CE�G,,1
�I�V��qpM�r(��[h.;���k��n���'+�|�$�lع0y��M��955Wxx+w���߾1-���d����>y���U*c���ލB���5�n��ֹd��Kr�J�h�i��('Q��C��,,1
y��@�,,1
����&���h�V��V�=W�~ގD�e0��A�����m�)ܦma��y�+��A���ض\�~�(��t,,1
��.����`=~`Is��.���[��o��<�,,1
t�D,,1
P��K',,1
�7����[�,,1
���P�K�%<��f���q/�_$ɡUq�F0�*|���F����TP��ˍЯ#D!iӥ�A��9,,1
Z�8ÊΎ20�8�:�2%�͋@,,1
?e�j�}���1��0,,1
�����~�,,1
"��F���-�ȟ˙�ֽd�kE~�""",,1
�7J���b�2�ي��j���=2;�q.�E%�[�7��|�����17/I�|�~��װ�����3'	���H����׉]�CK]�U��Uu�,,1
����P��*�?)Q��z6�,,1
�al	����{n@�;7����ZЊ��6oN��,,1
}g�d�4�1�\{�,,1
]���(���h��n#�>�i'�ݮ��9�bҖ�L��q�K|S�L9.^T����l���{��F�,,1
]�\UA3gi,,1
��5mo�gWk�#���c<)�g�D��r�9��X<�H�z'7�,,1
��L,,1
������+3N��^?=j,,1
F��w�X�徎Zb��^%`<f~.Y�=��m���'�0�$�fSNdL��6�q��n�9V|}��-T�+m>J���������p��	U��~��jZ��|/CG����iს�f�\,,1
�@|)��gj���!�:͎��Tu��3le����TEn��=���5�09)�b�P	ڔv�8</��`��,,1
xZ��d�p:�?ֵ����(�,,1
+�J����ӫ1I�7nqz�t����)�Q 	|9��,,1
{q����u�#�L�K�Tҫ�r����n��M�NeE2B�$X`A,,1
"*�/�߳�Յ)�[s���1=�|Pٗv���bs""��.����&��.��ͺ�",,1
V�`^�vx�xk�,,1
+�jd���	#��,,1
�A��Ԧ���Ɂ��tc(��1�[�&��q���U�]��d0�v#S�q��b�:��Xެ�U�����!��?�8,,1
p��6�A�8����w��e���6�);I�X�k,,1
�ԧ���޽�s?>^:�L����,,1
���([\d�l,,1
�++>�r3S��,,1
"�u1Ș�1�U""۸[H",,1
����Dc�P�<\M,,1
��?5���'��U�΀��G���!�O��+��w-�*&(�嶨2���T�d�gvΖ��\w(�] ��Ҥ��G\��ɉg�ɿ�fV�ƝgnuK�P�跲ē�:�v�s:z�:�JjU!�k��e���1�k��;����y���ฑ�,,1
��u��}j��DwPgƈ�k�d�1�f=)ҬV;�[B(,,1
_�R8��lD�]Ѣ>=��A�W�?�16���2�xS����?mM��@$��r�+�$��8`Vٸ�;{ߊ�顑��@��\=:�	�tQ�#,,1
��-Y�,,1
)Ì�,,1
Q�qE�x]��,,1
G�4,,1
T�ʷ���ͺ�0�r�n�8E\����\,,1
�EP�&Խ�k����e5|f&�,,1
r�!֨���,,1
"ot� ��!t�������EaL຾�?#�H2Ϳ>2-�:k�Ig�Qfz�H��h��""�m��8��ܧe�<6�e�lõ��",,1
�?7$�i�x-ڐY����`�r���Zhb�/'�頻�SS�>sV~��N�T��1l)�b�����lW�U\��,,1
"��a�*��""�`\W",,1
5���|����pnr�Z�C��$�LZ ��	�^\5\,,1
���x����ll�I��xR� Ց�.�X��h�,,1
�\O�G��WO����@��NH�f�_����a�tz�k�%�����W�,,1
"�""(�r�&�t|D�3��",,1
�q���,,1
2,,1
"��U�""",,1
$rj�,,1
^/���N����TJ��Z<D��c�y�H@89�g�y7�\����iP����[E8R��b�7r'̌Cà0lgVC��S�����ae��Y�m}��,,1
4��	%,,1
��{��¹4�ṫC���s�,,1
"E��2Gi	���[�:N���8�i��`��ΊԖ�h28�f�$T�đ��cI<.���wd�q��WJesX������%~Sf!�bX*�""�$@��<;�S|��Ruk��999Pd�F�y�	a�`�<�ãJ�⪕!ڥ��$�lN6e",,1
Pޑ�_�,,1
�ư����6��LO�J���,,1
.s�-�s���.���5��$�b��~�M���fp�a:tk`�<�FC,,1
B�R����C��#���+Bi��b�԰��R�,,1
"2堵�}""X4��|",,1
�E_0��T^V�b��}Q)��Z/�� �o�-S�K�I�,,1
p:ً$yqHy*ZI�,,1
�)��$��7&�=S��~�>{��}�v��f��99ץg6��}�,,1
m�a,,1
"S����Q""�<�",,1
X��g#Џ�S�Ol�`�0��uFk�ҪcS����w�	���N�{���?�ʌ8�D�M�ϳ�)��sz�~�]�U>2k�.����~@�gY�DjڠH,,1
��N��+Я���a4<n�F����ִo�,,1
�L6�i%lI�t�uNM�y��މ�D�Ṋ|e�!'�ea����R`d��Xp:��r�w����y,,1
�w��v�`L}V��2<.?�Y�0e��I�/A|�$�lE\�?��mVbRn�Q,,1
>Q�uH���p	���=�����A��ڶ����B���0����xj������Z[w	_^k�CWoQϷ�M,,1
_��l4jwQ��1�̇f�<���ջ8D�vV�MK�x'� r,,1
4YKh�2�<���PKZ�X�,,1
'{L�޿��q�H�̖�V $w<�S�E�3a+�,,1
��%l�0��D<����L\�z)]5,,1
�{�H���CD�4ΦO�)z,,1
�Z�(^�IYI6Ջ�,,1
"�i	���@9F��Խ��Ѐ5��""X�%���H���[ҧ�X�v�I\M�x���L�t��b�١T��´��{�8i���/!o�/�{�?�Z�Bs�-��lK��p�ﲞ�hu�p:?�ˁ<P��P_",,1
"�q/""�0�;�~?����ݢ�s�Y��",,1
<H[�})���6Z��'cQ��ؠ����uY�|A�0S3�PI*,,1
��x��e������V#��5@�X_M,,1
�����|o�),,1
��7W2�&#,,1
a�[��W������p� �%�d���[�/,,1
�}g{�˦�YV���6젠�,,1
й����h=;<�#����è� ��G��ן[L��}P�R�$؝�r����j:�Z(�U1Ӓ}N�7Z����f�_B�}�/��{80�k,,1
7���~�O���Ɋ�������Z&�q�+n�u�ߏ*�g*H�&n��)Ӭ��w��Q;�uj��?���ci�m�TKg�X����%ڳ�UԹ,,1
�U��������3�z(���h��F�)U��$��Hu���eh�����|9�N�Ju���mTN��o��9��m,,1
E|�k�̭�@[�$Wzw��� �v5�!����z|�|U���6SV��r�P�U]�8Y+�0�N̈́�x,,1
���L��\��.	,,1
��C@�^o��z1�)�E,,1
�a�;�g�[H��؅^���D��[K>[�����@��sX�Gc�>wu�7A�AD��Ҹ3��*Ak�6�(5݂�5��h�^� �Сh��9h����tD,,1
��Y��YI_JD�R,,1
N��m��y��w}t{����ܚ���,,1
�&O@@���7r���2��,,1
�i�V�\�_��E����������̯��*�T .*�2ȍZ�_f/;'��a����CT�o�;�Fv8W������䏲(������C,,1
g�qȟ�cT�.�2��.��]����)��6O����J�w���	��Bߩt]�W�������H��x]̞�|��!,,1
��RjhƘ]�,,1
7,,1
jܖĈ�[dc�>�Z���F<G,,1
KK��d?2@�}�<|�NE�,,1
"U T	���; ��PG+U7���0�3/�(�""��k\��}�ls�<�+:Y��@u�",,1
\�/�qt��;�͑o����W68-zE�,,1
"3����9DG�L?��u�~""C�>�D�D��(�E*��f(7<��/�",,1
�	`%�%>�?Fg�HA>V�,,1
��o�'�s��,,1
��*�P����!`�/����ۏ�SԖ�|+v�Ġ�V�h�A�4��.+I<@�M��b%o>��,,1
qN��,,1
o����������U9���7�;%�p�aK�%�1c�oL�)1F���9����W�4�x1yb�D[��2�k;cmU#�G*}v�a8��R�ql�*�8e4�d�vP=��՚�T�,,1
۹���jڼ�b��� �F�Ė�Y\��j�R���R�%�e՗���X�_Ӿ,,1
�*?��Pf��V{3��#Z,,1
ԩ�Cb����Ov���_J�fA$SY8�}`B���v�Y0��۷H���ocT��O���z]$�亽����ଡ,,1
�^x��.u8�\�h!��D-R@b:9F{�H�o8V\1��[:,,1
n/��sd�FK�Xa%`��kQ���ع_!Slt�:}�&&�gQk&���,,1
�M�P��ta��hg@�L{J���	��,,1
�y�e���4����b��+�8: -�D��#�(�%:=��e��I��ab�IlE�qz2�2�幸����n>����e_���+��]Wjb%si*&�V,,1
"�""C�O�q����i�",,1
����3f2g&�tt8�Y7�s�ӪH9�f�F��y\�a�A�� ��S��t���,,1
"�W��""�Z",,1
"���Ud}]{ށ���+y��rH1FhԹ�1QH�o�ؐ��]rY��n�[��^�INO�530�d�%��G��I!���Z����""��N#���b��`��B����Iz���]",,1
8�jD�n�~Y;B,,1
D���ѵ,,1
��h�p�����\J_9���ְy���p������o�+�Ik�pۃ$�w�1usiBp&���猅�xx,,1
�Q)�V�㨟����괩w�H��~=�2�md=[�ԄJ	#�A�.�(AZ*��B��ݜmə�F󵼝j2�*����[��u�;SY�o���t��~��n��+o �M�D�I�K���}�y���$m,,1
~)x�����7D��($�,,1
<)����j.�aP!�*��hWZ�,,1
��v�(J�B�/O&�01���[Q,,1
&�xoU�,,1
5��=�tE�G����X,,1
)����b��q�u��N��.��+��l��X$3Vu{�.�T���'�NRr���4�mw��:c�cxә���%F]���<�,,1
u頶+�?��yq��c���k[w�������K�r��,,1
sf����r��#�Ùu�a�Q��m?�[RJp%��Q����n5����,,1
"`�J�����x*j���o@�7<M��r��Q��""����N��",,1
^��(!����=_�9�5]%��ҵ�!�Pͱ�E��aܨ2�,,1
�����L���@'�SB�ȈE,,1
�F��;5��㷔,,1
�j��nA��,,1
����l{���{4�[�w���m�,,1
�(�~�k�N	���)<���Z�y�zV4��~���O�;�g���zX#�q9Rn�,,1
��/��9�R,,1
��QP�V�,,1
�)��׊���U����?'�6,,1
�TI�l�tV�7�jĖ`�}}��Q!�����Kum��׫��nj$k�,,1
"Q1>�!!��}b�w��fiz4��_���d*	*�Y^ Q��""�&�v�E&�R[S�",,1
����d����E�r�����h���3����HѸm/j,,1
r|ɢ\�I,,1
2��Na,,1
"_/)�-�E�}�SƴY�FE""O��&xA������#����4�)_�K��~qu&�������k���+X�_.���9",,1
Z�9�Aq�T@�ָEd��)Aκ�8gH|�м�ؙ%VB��,,1
�[��9��L��#A���B,,1
�dIS��g�����.!��RЎ ˻��2b_����څ�����/p�C,,1
��M��#�J�,,1
|���JI,,1
❤E���:u�餺�jNS0�[���#�+��1���,,1
"݄�fq/Z���b񙆃v��=���o����A6ڔ�h�_�*�ę������	�H��Wb�s<(�""�Dgq�=�~���qG�����Y�׷��",,1
e7|�*),,1
�І�X$ֳ��p,,1
"��l<$'Kts���K�**.��"":m�n�肭""��^w�;~���",,1
V���7!���!�l_�i��7c]?��0:�EN���',,1
j���pH,,1
_�.6�/4;�2��O8%ӿ�z����1�@�;_���:����ژ�|��W�naQ�m�}���#����֓+18�3+�v���8���L�bC��&��.��_�Ǘ�����9����w�n��,,1
4F&A�E(��vY)%�#92�}[L��`l[���;�E&X�ទ#�-�ݳ��u�簤�_�U�1�΂?�D�D@�8<	ȷ,,1
�;+,,1
��q�`(+`7���ǽ��W�C~�˶5�y��,,1
"C�g�H1���x��:r""�m&#��h�_1��WO�m""Y3",,1
�f^�ɩ��@�*T`W��W9_Sϝ�,,1
���c�o!�;�Z� �Ó6�^��:�Ez�,,1
�����2���V�s˝0�#)�ٗ�{��3���nd}\�Hb���2�̡dp2uN�j��j>�l~�h͈bd8�S܆]�]e�Y��� ����r2D�,,1
zqTA�!,,1
�ɋ�v=0�{����15��u���ψr�r|��#�x-��r�I�ƃ]��z80�HPXoζ��F�_��<;�2���],,1
���v�91�Z��O6�E�B�-�O	)L�A��}Mb7ԩ&u.h\����8T��5��e�ݘ�L�����뎶[�,,1
�:2�wC݌,,1
���P��,,1
mpC��!�r�/����?��Q���)S�K�D`�z�c���5�S���o,,1
�E�{)�O�Ő&��/�ɱD�,,1
�;2�,,1
��xL5�[&kZ�,,1
�)M�Ǆy,,1
���DHο��ތ:=zh�b�9f�r��� �V��wk�2�v5ë�Ь���i�,,1
C�!W#/�EI�,,1
l�[鳺�zR��\W��s�ߚ��S��|L�.g��&@0��,,1
=�����1\���K��ђF�.����P?Č-�h)�d\8�?~�I}�6.`�W l\�z�4f���CK�l�,,1
�gq_���ۛ��M�7~;�Z���	x^I�o��[�N�-�� >����,,1
�?��g�T:�,,1
jH#�!s�������d�t��>��������R�,,1
�8B��h�7��kԕԞ �P��	E�,,1
"�I�\�""�s�)p�Պ",,1
���i>�Y�%��2��)bn=�Z�$��BH8S�_v,,1
�ա��EL�i�H	N�%Sx% d,,1
��N_͎���xQ�QƩ���޺�����,,1
�pקas��:��)����vܼ(�fh��,,1
:��N�zj�K�Z�.Z�G,,1
��}�����oz��F,,1
ĥͫ��*Z.��$�I�P���G,,1
�%uV+�,,1
�&�A�ș%,,1
F̨ף���,,1
"�1y�f����Q��9�G""P��MoU�",,1
"�[-֬D�-��9[��̊���Vw^L���~��{LC��=Y0ƪR��p	A��Y65P�� �G�#`""��!����!��\���:���h���e��	�3=(�oe(T",,1
g�t �/����q�ϞW��>T�fx��r�Y��̢��,,1
Y]^sE���䞽�F:��k��9a�1q��(-��o�vs2f�$���vJK4+p/+{gs��J����)a�|L��&��naF��S��T��$��y��@/ѐ���-PYC�d/>�z����fF�K@����	S��.�E�G?�,,1
"�	�N~�o���Xi̔[�P}06�ď�""�Xؾ�_eeP���d�6��j	���*J�",,1
hA����K�D),,1
L,,1
�4��;)���2*�Z�KҪE�����y�JV�j��汷 �,,1
G�����%GN�~f�.Nh���=��p��a+�7p��~֡<�=à,,1
T�@����@,,1
����{��u|\��Cx�f�t��#34�:�yE�m��~�3�1`,,1
-%�Jl�1`���a����e��B��6ExX@%�_��A�p�SR���q��,,1
"�d �- ""Y�z8s/�ԩ���u�De'�b",,1
�*:���2�c�?��ERpǧ��2�{�H�hC3����S�ؖ*uN�`Ƞ��=��,,1
zVl�ڭV0F����{�F`�<9ӣu�q\sڲX3��M���I3��nA������!Bx+,,1
��P0����͡ϰM�������P,,1
"�cH�n{f�+	�(��V8^Ԛ���B'�mVQ��{�\�zYKEd�N��""���P��@��8���.d�k�����4�g_���",,1
���w��SN��n�x����O��P�,,1
�,,1
��`���2�S��O�ç	�����K2�&V@�Rλ�,,1
N6�p��:���V���x#(�X��a�Zȱ%��`i~�+0�ȫ�y���K:�D�O��ADr,,1
"R^V������xS�N�{p���%�ؑ����5��v���ݤ����c�o��E� �/�y�=��A8��aQRl""!��Cs:k?��",,1
;��vst!V��H������Y����&�c,,1
��4��\L�Z@Z�Q�W�L��3O���9�GRv��R ��Լ��7�|%�?�,,1
L/�EtWR�(�,,1
��-�Հ1�.��������h��f�(㊧trd��ړ���O1����xv//��\���9�E�!��R��8j�4��	��� v�V5Ȋ��(�g�Y��alM�,,1
7��,,1
�ŝv��gS }9���,,1
���s����-~�VS�sv(,,1
�#������`���C�\���=��#�d'~�_b�����HI�5{���)+��Ut*��d!�$�J,,1
nG����,,1
2ݽg��Lc���L�qg�۪+�70,,1
�h�����,,1
髐�ǳ�!��1�E���d�B���N�T4�,,1
v��k�٩�1�/o���ԿT�+ɣ��,,1
����U��r�E?毊;j���,,1
"/j�!Q���.""E�S",,1
�x�q�=��,,1
"����Dr��$�$��9��.��	c����0��$Y	""2>b��b���f�ԕ-�=[GKD�}�2�#rBxr����t	����ڮ�uxc=�¢�zpq���!�3D]ͣ����%`������Wn�k*���Z�o>�&]׍F`D����X��5̨4�kX(���}�N�X��2<#j��Q��SB_C��RE���l�������3��B8�b�?�Z]�|zj�9�>K���M��QK����dl ]i�V���k�d?C��5�t�\�",,1
�\������`���X6ފ�`���3��ͥ]����!G�eO2V׌�?]��Mף�W�*J����*6#R�:���W���h�V�m,,1
s���Hv!������y�=�Z,,1
Wц�,,1
�^�m�j����z��+�ɒ3��,,1
"�~ל�e�""���p�A�{��_��Fa&O��4�""��%0��2��Z��>�k�",,1
�V7y��o��w��yt��їb�����2������ԌD,,1
<,,1
���@.8?#�,,1
^zlkE��xQ�?,,1
�5'o -����i����^ڪ;7��@{�V��s�����D���Z�.n\�XX<��ե�yx�,,1
rǟB �JSO�E�r�}����ֈЈo���������%bx���k��3��R5}��^,,1
�v��E�^���� b[,,1
��k�f��v�\�hӶl!����,,1
J�Z���l��~'�nz��I,,1
"�8��:�&���hO��KW�\�V���#�xs`""܇(��+2�",,1
\���,,1
�xԛ�<_RT������g[g�X���cU��dC5%�e�Z3��[�#^t�LpZ���,,1
_�h��U�[хV)�춐�NK�Ⱦ���6ɇ+�}6:��H���b,,1
<�G_h!?�8�;��M��g,,1
��,,1
{�岯�{߿�&���w��`�I䶅���%d��^o�<hE�z�}j���d5	!3?m�n٭mT'����O,,1
���g�2�H�}>��sA�Rr���^�^Ti�z�g�!� ���W{ʸ�.�q�D3��V��R�����5��m��s�_� �u3���c����:���,,1
<jr�/7P���hW�,,1
�t<�e=U�zW����nS�\,,1
X�,,1
"|���Ж�ra_��Έvk|�oDO�RD��\�4?����7�WԞ}O�Q�QGѹ?^�3<�Z�#r����h�NxU�����7�0͌��E��glt9���XF����q=""��[]�e$���V�C����l �W",,1
ex�����:-�9�d��73L��C�jSp�53/,,1
�1���۱gBא�R�^7W!���%�	,,1
�)zN�h.С�]~�\)Nm��Je����N{�h��3o�C,,1
"�Z�""�jۓ�E�qM%��|i��m�FQ",,1
��8�$f��ϩ�,,1
^��F�Լ��F��	hUfC��,,1
"�mk]$r�&��""1m�yS�{�b`%	5�5�",,1
iq�a��4EvnR2UY`�o.7\�����^D`�;����oY��� p�v�T��x�P�),,1
s,,1
"����߉���f ���w񲅌00(����A[�UWbn��4j��~""+7e��h�7��Hԗ$�2Gwm_ �)R��5��[?�""�i",,1
F�*w��f��)�u���☮p1`��'hA#^6:����V´�,,1
@6ns�,,1
pq<��N��P�������l��&��VnM��#fX,,1
��q�����,,1
��X9�EEZ�ؖ�.�|�P<��R���7�$YL��:3�T��6��ڴ�E���G��,,1
G�!���i��pT�X{7���E�!�܃d����-4�Ar�֟���,,1
�6��%�,,1
�S�s�N��ٟX2�gLG�����U~.�,,1
�o��^x�@��i�����˴�,,1
/RǍ���/�z)�ڻ�q/���q�親�~�rC�Aߦ&m�sSKUQ�?����A-Ht�t���k���1�*�U���y��vt�[�����|�+,,1
�HL��V̧�w$��E�i�x��/��e��M�hG��\o�JG�B��4}�< ����^{,,1
�0 �)	��?g��%��#����/,,1
m���L�^ƎIe��GLW����]O�.?�p5�>՟�ڸ	%��/!�M�ķ/y�K,,1
cJ�mD����:�H�E�Ё��9�+y�@�d,,1
"X��S ���R��9�=(���o^a8MD�o.PnbeZ�uZi��b�!��*��x�g|�.���Y&���q�0o��H� |P""��Qj|B",,1
<Z�h �?�q�w,,1
"(ie�W�eg��gXɷ��E��Ɋ�_�*�œ""�j�����z�|""�",,1
�Y6O�iG��`�W��g��,,1
i[���ׇ2t�N_:�23֜�6��M�,,1
_�^N�@�+H�1�E0�b?����*ȃ\~���ZE4l�3y�g��'�;���Ei���o�+��x�`%6v����h^jЉZT�jӽ����^��xԜ'l�b[�_�ɔ�2��uV�jʺ�dDB�w�|�b@�����ƍ���R��X�:`�=�pn������O	f�j]Ei�2d�tP(�p,,1
����ߕ%[���=Ka��sx��(d����Sw�7�s��黪u	L��H>\�k�%ϻ6��L�����^�*���[d��8�aH�tiu��l�U�qT�,,1
w��;��m�2g>w͒�a���c��PM��g6���α���`T��B	$���F��<��������7r�Z��G��.��$7J��,,1
���^'H��,,1
���5�����?1%<=�h�&|:��@L���c�E�d*n�Q!\�9�����iK[�,,1
P���,,1
��¡?�����ކ�O�e_�&7O;<�Zy$,,1
O�ae4ۇ/IHfߋ���@a������r�64'��vk|H�Fk.������b��6⫯h��هe&W����]��ƥ?,,1
�����}���.��cؖ򉯼,,1
��A�8�k-7�FH6ɪ-�̿��,,1
���9�>�ca)x��,,1
J�T�I��&T��!�Z_��>N���G��,,1
�7�C�fʣ�&KU�j�a�٥��=e�Y��m�G�Vt�,,1
��(cR��,,1
K^�������U�T<��T�D,,1
��p�-�8��@m�Z�	Ӓ�h�X�eM�C�]�ʠd����z��0zf�,,1
�@�,,1
A���,,1
\�,,1
"!��[���""���KM/��L|�Ðg�ƅt��̍�	)�",,1
[8J$�p~B�?�Ѫe,,1
�P������p�C�qu,,1
|��xo8��q�6�/< ���C������X%��PJ���v��S�;�ng���l��R]@�Q����B�0��l,,1
�p�Gg�߃����$��~��\��uLuj�,,1
"@�?��}�T�į�����WC���8|C�Yh�k�Q�`��pD�ms=��.�0��8�N}�oRl@��ʂ3ʱ]���s��""r7���������",,1
ߕ�ū�,,1
"��!*�Fأ�uX����5�4��P""we�l����L���Tp���T�P�?�xsI��4��j�@4������fߍ�\Qb",,1
��.T=�w�u;�cqx��IV���JE�����H,,1
,,1
�#��l*H��@���;g��SE�o=�ڒ�,,1
4�����@��Y+'s����gٿ<c�$����,,1
��K��N+�iY,,1
FڹX���=,,1
pSk�()�q��8�{��Q�,,1
*�\<&>3��,,1
�<妅,,1
��jxd���TI�3v���:O`��Я0����%w���[�úWZn�@��܋ฯ�_^�8ܙ�;�ZhOG����:���,,1
���,,1
��o�Ghw����L����,,1
�ft�W�GÁ��b[%D��F��,,1
�C!�D�T��L���D(�6�(4��}ՙ䙥�m@EU����ϗ����ŅgRU=-�H��dqm9(a��^(��	@TP|��E���A��tQ�M(%�,,1
�/�S��V��,,1
;�-���ؖ�)�i�̠�Mɝ�X���YI��	}��H����;�/��zI�����c�ax�ghZD=l�GQ�sV�6�1<�i�^q�.���>�9��~��g��V�>͸�WœD,,1
H֭�P��5�#��Y��v���X�Y�о6�&�a��{~�f�U,,1
�B�#�n始�,,1
d��^��r��!?kS�v�mM�f,,1
�.����DÔ��{S�C(O���=���������b�C�8���-�3р6ܨ��aō�-&�,,1
l�Nz��h~�	����J�>�G�/�(?�`�fN�|⚙�,,1
���2b��r�GR:<),,1
I�)�(^�q����_�3=��7�33洙�t���c%kT���}.��sϖ�3t.����\?LI��'jVh@FB�*h+( ���&M�ē�l�k���df'���!5B3%�9n��ew�.�e$P��t�~.,,1
+�uC�@rXb5��;�bg���s���g�h��,,1
*�y<��h9���z��5�s��d����+¶��'Gi�i?hF�$�g�R�߰N�	��W{4%G:P#c��8E�ɚ+�����tFH��uE��QI��_���S����/K������[��T,,1
�(�]k	t�R�U7P�,,1
�eP�BPz�8wy��RTc�{���bV�Y��.[��,,1
�7iF�x��\-��b1�qn���,,1
��k��=O	`/��0��{��,,1
�],,1
�sE6d^�,,1
9hܔ�N+5(0,,1
"�ǀ�����`�TD�[WBD�R�wV""����#�g��t�0�No�Q���_�x��",,1
���m���O��m� ��hbF���l�I�H�ƄZ@�?��;���Ӷ�k�)�wC��`ҰV1��4��yB�A�45%= ���b�]�M�s�8�L�;�K�Ԥ��%�N��]���@��M)���ˍ�[�kz����%;ӽd�A�.\%,,1
�[��?s�.�>�����f,,1
���R*7���X�Zm?����\�h\�(ʥ��j<D�^!��KN)�&E|��Q��8��,,1
�DOH��!�l렭��W���:=W�׽Y�̆�_�W��z�� �,,1
rW��,,1
�SU�F����%�{�?42Onb����.N�j2Đw�P�Vp,,1
��%�\�OڃxaQ��>˷Kv�gAKЩ�r���^�r�j�R�6i�YP��T�������3�f�3�@�ynC,,1
8	�D��ĵ�p7Tg�zH��,,1
��k&�I!l�D�5��AI^�cj,,1
�l���O4��&�`�zkd����,,1
���D�I�J�1G�e ���P+���E/�I�,,1
���l�Bբ��iv�Tq��l�ǫ�>V�u?Д�b4qM,,1
�@ո,,1
"����]H�n��{Ue�P��""",,1
�5T�,,1
��a�[ί����ޫ �_td�����xB�H5/T[�p��%��U���_���u1�억~�P(��JhG�P{F��C��W�l�>-,,1
A�D�t[���'��c���R�|@@�L�zQ5�y,,1
���j:�,,1
���*�e꞉��ɽoN��@�,,1
Uw��ƫ,,1
"�޳���\\�VS���f�g�#�F�&""�޹���ʊ3-Oq�[Ys�t`m������W|o�K��4��!������C���a",,1
��F�3��4�`�A_>w�x�M*[���/W���^bDA��l<��:ς֍���,,1
�({����,,1
�Y5[��,,1
���fQM�5WfE�c1`]H��շ#ߪ���M�̓M*���,,1
"�l9���+'F�.�-2 n.Xb\'%�����OأI/03�k�Tvw��d��""^�D���!DZ�ʧi�;���p���c\�Xԙ�B҉F<�J�ۯ�?��x���F�àfo��A�B/���u�V�ao+����a?����nk�'`�7v4C��z]Yz�_�<�����	� 6""�9t��+o�aA}Ng�",,1
"w�Nw�DhK��$c�i��%��d��c�""c���|�""@",,1
e�>���X��F	���N.��s�'5yl�s��}��b�o>b�+�E���������a@2�6�,,1
ȏ�,,1
[�'e�%G���&R��stV�!�ͱ&�,,1
"�S""��=G�B�l4.",,1
�*(l���0\�gID��T�Z(mF6ȱ��,,1
�k1�_��跚���~��D-<��B)�,,1
�u��ٜ�;?=i�en4��lӬ;,,1
��ʢh^6X��B�����(�Y�c�,,1
�Dwy�e�]������`���.��✄:�J2��D�[v,,1
��j��d����	6J3�o3Y����m�W�����v��pt�D$a�������K*f*��ǂ68�A�,,1
öb�]���|,,1
P���v���Pir�`Yt�&�@.���e�AyD�h���vG�Yp�c�;i�$'���)	���Ȼ��g�L�WO��,,1
A��9lK,,1
Mo` ���,,1
2V��g�'R�,,1
�xL�ə�;#��H�h(,,1
3,,1
(f����q7{�����b��$&c��W7�:M�խ8��D�����8�6���O��%��1�,,1
���SEw9[�����)]��#ݝŬ!U���r���R�湂S2��W�]�/�V�P�,,1
�5t��dҔl����D�%��L�&?KoL��wpW�����ɮӲm:�ON���u3��3O���S|4�z6�V�Y���$�Ԣʓ?����-�*s�&& 5��߾��j^Y��͡ȥk{TQo���%��,,1
��+������,,1
��/�'���XF�,,1
���ĵ`����B��_��0e�A\$�#�)�����Z?�p�Ӧ,,1
���PQ�W�FX�����5d�нѾ�����,,1
@A,,1
�?ԧq�Mf���,,1
���C�7,,1
��ga��qVt�u^���h&ڧcU�����,,1
$:�I�Q�\mG��ו,,1
�9<i凑���7���UϸP<�L�ֆ���y�,,1
��pܧ[,,1
����r�,,1
�K���2v7�~�c��UЪ�[��,,1
@���÷����Q겓�H�s�,,1
���	���w̦P��to�n����tAŪ}Ѻ(<��pt'�+<B^D�O 9g_[�>�`�`�iu?����qx0B��7�~E�x����CJ�kٗ�\��(��l�a3S��qB���3�eɜ5�u��^�շcxc���_,,1
��t��M�����,,1
~�<L�6�c1S%Od&�'�8,,1
�bU�K�ٻ}� ��S,,1
[�9p_���ԎV���*les�,,1
"]�@4��^�B�*񢀄��f��p�SL6��3�vL�sDl���w�RTK{�u�ps�N��Sv��x�����'p��􏨱e�ʂuS<�;s�a�>#=�[�)�we������A�""��쏝Ơ_���ڝ�""��",,1
\�t�c�2Ex�=�����/���K����A[�v�A��+(�߶��G1�nv�7W�����&�!Pm��8'tl����}���n� ��%K���s^�n��YӉŘ�!�=�����^Fμ�J�,,1
S)�����u;���HOi(fe�PR���'k70������5J��|HJ�KJ��@�Y3�@Vo�[�F˯��ĥB�c��j�%�,,1
� �RȎ���B.�76�o�B�#�p�:4m5�f,,1
��`��e*<,,1
����A�5HK�hz�=�S!��9w��|Hd��P��r�w,,1
������Vx��[iY�)�WR��Wm�����F�,,1
2�C/s��$�>Ś\.Hi7����S�����������L�����g��Z�1Z:�[��,,1
�4�LM��G�<,,1
f�,,1
�U���x�9Y�,,1
��Nu$v%M���+T֓hUeAV�}͉�g��rB�p��r�O\z�h��ӳ|B7Z�2������,,1
ͯѳ`���7bd�|b��i�=roD-�����,,1
�������3�l�$6��'��`M#�Nv���i5�ʬ���� ��6�Q������P��ފ-ERIң.���pz(,,1
"�""��0�BL��&n��_�B�",,1
�J�.�e�G�q[�v?m@$h�8O?3E����Ǌ�u^z9	�S�)�,,1
� 9�<?��z8ݵ�(yt�����W���G�²�<��t���,,1
�-_n#�W��P��YdH��X>3��R���Ri-�ia�s�-.��Tf�����0��-`}tOx@�I��1;)>����y>g�W�髛\��3�s�,,1
"�QZ0�Y�����""i����>$��Ì",,1
c��}f�E~�ܒ�D�,,1
���e�.���,,1
�z��yu.��X�Q:o����A�r�<ڀ�|�,,1
"uAIwy8��w�W�""",,1
��a�,,1
��sD[pz�$,,1
"1K��v�""�z��VTi�I5�����o���",,1
���$��3�b,,1
^7�;z3��V��FZ�vhV�H�n �,,1
eؘ0�0�zD���W9�Vs,,1
.,,1
c>�݅��L�9Jt�3K>�*�4d.�G�&�nD��kh�㓳�o�*��ۨ�qЫ(��Ɲ�� ڪ:a��0,,1
�\��0sf�ġ�!�W�<L��miH�WZ���G�z�}ժ�e�Í�7�����X�ԑTƈ�CAc���]%�P}N��#W�V,,1
������_�D�����<�h�M����,,1
&�;�1�D��,,1
���G_��=�Λm �,,1
�1\k2�Ǚە��pų���෢,,1
1�����Cr�O��)$��/� ��Ihc�O9����,,1
��}y\t���v:Ϸ,,1
�,,1
"~�oQ��U����:""|⺩CMDj5�^��Mo���",,1
Ǻ{�9a6*|'�ۗYLtY�7�c�*g\��������Fc~Tq.��9��J袸z���R'��5��٠S3��\��������}������=�c���,,1
�9�q-�ڏkZ���)]��Nߋ��Ҳ���n�gf��Cd�F�M��%����i������*,,1
ˊ\��Դ�um=���,,1
^���{+��?�Uw!L���=J�����a���g,,1
��ׯ���:��J��,,1
8j�L�ۻM.�.��W��,,1
�\p,,1
v�H������������o�����8�nt��q����̴�m`j��,,1
2�D���+�sZu����̻,,1
"*D�L#i�5:""e��&�",,1
dG�,,1
��^5X�%v�j���#�dH��d�� �,,1
"�ٰ�����F7���%�xRp�{�Cg�z��4r����\IE$�""vH�J",,1
:#<�U2�G��o�*�������,,1
��Lj\�㑇����^�f/{�7p��hJxU4��[E߷� ��Ѩps~��`n��á|,,1
PvmY,,1
��M٨����=,,1
���-��'��mU��CZ��{�'��8��Uw�[�,,1
�B�����=�k`�H�bo����w��H���(U��)�9� l��09�$u�܈�J�h�/J���j�v�S[�9�}�xX��)��$}�����®�ۛ���,,1
�J��X�4���D�MN$CgЖ�I�8�W��()|Dd���V��I��|~}M8]Z�Y�1�,,1
����(���,,1
"]&�j�.<e����]�9<z��B2�����#�e�������@��KF�6ݸ�""8�!�'����|Ś�;[R��B�z�S_&��;��tgШ���5�6�@�",,1
���m���G��@]qA�Č	5�&/�=n��.�Z�Y@	~ߡ#<^�D�3|���,,1
��4�'f�MQ��,,1
PΒ~��d�k�/�`D�#�Uc~�-u_C��_N�v�Uft�My�8�,,1
����6'�EV�n�,,1
Kο�M�%'�,,1
b1<F�;�2�~yPYkւ>������D�㶄�F��o!��Z����Ȩ\�1<G,,1
�̍�ګX����;	�݀,,1
�[WJ����AB�,,1
�&��r�m�4O��>+A$��L�1,,1
|52OM��T��#��զ�,,1
��'��k��r��2�Q꿞7���,,1
��,,1
_>ժ�.mIip��9g,,1
eg��v� �,,1
��>;g��.��{,,1
f�!��@�k\�}�#�<�S�pR�B�؜ ��7̅�,,1
��]�Xe�ZP�Y,,1
A-�`R/�^O�[���l�j5���z�z�bG<14���ݪ��SC:��m1ލ'�P��oBS9�H��Rf��Ѝ�����VLR�r���(�Ope�6,,1
&n�#Ί�c4(�ރd���,,1
cv�$?n�n��T>sxvwˋ<�-`�0�,,1
PEx0�7���.,,1
�hjϠ��B�D�<�\Z'qv��0٬�_�wt,,1
�1�\-�����G��CM��,,1
&V-�8��F^{7���#Mh�,,1
0Z+������p�n��UB*��q�Gb���+�ji4� �$�S,,1
��#���|o�x��'ǣH���8��M74�ҷ��c�Z�X��z�=��<��Rm�,,1
w��,,1
�m�n �y������ɣ���83~4�'8�3�bF��g>b<�?7��pX���W�ԕC�hG�Q4W�+A.�Yi,,1
"|""k�k3*�",,1
���@���=�`�X�3僟�{��	4X�Q֕&�]�GMI}0l����t�N<`�3�jy;�}9�َc 8�#i�8���d�@|Q/��UwQh#IX���)��s�+��\�����C��5_����m�F�����a�(��]tr�s�e��U�cZl��Ʋ���I7�I����r�m�ʈ��,,1
^�Ս/	�`�g��,,1
��p���U�TV�Vr<�i�R,,1
L��^#�g,,1
An�d�rP��DG9L�V��,,1
��:�LV^���W�U2�s��V�$�Mmr�]颴���:_�}��_1%���j�Y,,1
"޴XN��|""��fl%P�x{*""V��~ �բyn��6C�ؤaU�o��R�L�8zy)�$�r:�<���9�",,1
���mZA`�	�~���mֳ�mGW+Ǎ�8Uj1jT1wG}�y���\M�Th-9�3[-�����9Q^k��`1�eT�o76�l�b��,,1
�\^͍���Q���F�1���6�s�#v�,,1
l#�̀z,,1
�4a�]@\N04DUq�;�PdTԭS �uCfU�ju�w�	���0�|��ad�f�QE�,,1
�L���,,1
D������}��H���EB�*�l�,,1
"|1��$��.�E��R-\f4@e���i�}�Ԗ�w���W�z""�""�!q�w����R�Z�q�k�2��&�",,1
�GAk��M&�����,,1
"�Q���;""�ZDJ�",,1
�,,1
�i��~9��!O���8���k��n�|�i{�l7.h�j,,1
4Dt�tB��JF���E��>��>�{۬�|<�y�|�?�HVR�{]k3Z&��:c���1䐤�Y��B!o��,,1
^\,,1
�Q�����7�X1���i���uPeE���@m� �5�s^u,,1
"d߳]�?������GE���}�7E���9a�]6�1x�2�Ɉ�s�5[�sN����5)"";2�!`���9��",,1
w�,,1
�]�!�,,1
N����R��i���/am�*���/�,,1
J�*ؙ�)pė�S�I�)��26�a���e�l�����P����PO��^.�V˔,,1
��m��C/��r�!��	w�#�{��Y,,1
Y��FΏ,,1
�i�嗠+IS@��<��,,1
"L""Y�/�r[#S0���H�J�S",,1
DV�W����>j��f��P�q����/	?��)f�,,1
���Ex!�y��>{ł��y�,,1
�;a���IDͺ>,,1
Rd��h���YZU$ϱ��I��mY,,1
"��S+U:ܮj<K��A{""������q����d&D-���͗�|�",,1
����TKu�<#�3��v,,1
J6�l��6,,1
"a""&���C�`'H/�C�:S�rɈ]6+",,1
�:�&�,,1
�a�R+M׭x�������o�p�U����Q�ɨ�����!���,,1
҇,,1
�렙���3g�LlT5���C@����t��ϗ^+2�'��_s#��$���'��k��&P�Yo~��,,1
by�L��v��7˔�R`σy���ᢳ��#EL\_b8~f,,1
%,,1
"""5G�B9",,1
�����,,1
I������X|��ڞ��L78G�,,1
G�uC�&C���ZU�S��p�.ҵ��ϫI�ǸM�5�#�Ft�K���:.p8f�[��O��������B��Thw/Vw��fQC�=&1o�2��AuOzL��o,,1
�ʗ��Q3 +�r��gTOT.a�ZexM��O�Y|��տ�,,1
1�]�Q��7���s/$�	��lTn9�,,1
��ɐ�Z�D,,1
V�rr�y8���S3,,1
n���,,1
���������nL{V��#,,1
��z�/�M�,,1
$!Qr�,,1
"���*�)X�����MN����9ˇ_���b��ԣ~G�_z���ذ���W-��C�F[���$��cį_u�D駅p""]c�j�ڴB�+��Ei���IVe�",,1
w����M���;��+�U�*�����N���Wd�,,1
�'�L�P��n�ь�:��n\3��Op�q�V��jt�)�E��^v��<_�*��UN	��a��5@�0Ը?E�.�v��`KI|����K������R!�,,1
�6+�.�<�$�,,1
t!,,1
7�Cnp43 ���,,1
����x,,1
4U	�(\s�,,1
ϔ�����%H2���,,1
l/hx���_�(�qff��h|��s2o7�#q��L����,,1
3��Ґힰ�]�6[`��^;����z$�6�;�'K<�}xZe����,,1
A�ĝ]Ȧ��S��q�p��{U��#�r&6��Ra�Ɵ��,,1
�Dݻ���E� 6�p����,,1
3�?�/��'5q��t,,1
��N,,1
tD�.�����:�\�	Hl`������T��#c�m4,,1
"��(�P\>��wF���O�yM��8��-�閥+_fL>�<vi���Ag��+x�@""�dP�+/�(_c!P�m����C#LϏmB��q�B �m",,1
x�.�qU���J�7��x��tZ�l����O�>��,,1
���`V(jn��b�opL�b�:�+�����+L}�����K���h��CH�s��|��r�[Ԥ<k��}V\��*�c�L�4<�@l��t�a�M(I��y��d��'9sSl_����T}��,,1
�$�w�,,1
���Y�0=b<�RΪ��K@,,1
"�U�""�j3�1%�i��Xϔ",,1
Y��F���b���^G@��2M �U�@KJ�����nS�!#{M:�W.�Q����Q�ux�z�E��>-1,,1
"0�ssǅ��R��K:������㱙���m����#����Ol����\;������~��""J��XQdb/t�>.�uYU",,1
z@H,,1
�Q,,1
^�L��N,,1
r��	�t�R�B9H',,1
���֌{���r�G'��T����s�C���Ͽm���#xZO�s3;����҅���'�;W_�Tu̱A^^�jU�?������v؃f,,1
�&��@����š,,1
���,,1
�,,1
��y|���S��;d�,,1
Gn��Ź��M��7�e��n�����Y��.�O�1t���r�%���ױ��U:�P~�icϴ�0}a6�W,,1
N�*��w��ƣgdˉl,,1
a+x�%�Uӗ=c,,1
9�����Av|=�-�q����cj�p�}�`�9W� �s�����tZ����������_����O�qH)C�?�Ͳ�H�W�WQI����P��v�D�<9R�,,1
�%��+5\�,,1
RκǾwd,,1
"Tx�peg�j���&@���;���}S��""��X�vL�R����{����_��j}����.�[��Чo�",,1
"��g���w���""�7�",,1
�(K�o�zޤ䋴\S��/\���C8��;^ɢ1^��{���ĠS�����G�A�8E���T,,1
�5��g뫣&�������(�׃aFQ껾cw6��Z��b��M�S�_�?�xny�#�Nx��)P,,1
�s	?\�mZ�P�&���Ks���,,1
�J`�#G�.,,1
q�AE��U�-H,,1
5C�.���!���B	�ƣ,,1
;<��L������-,,1
T�<��G�L�,,1
t,,1
�i�p`�-�D���|Ĕ��4�5��S�4�q%̶[�6|mP,,1
``*йZ,,1
[�N�+�hȴ��,,1
� �l��&`�e����ܳW	<��S����?_��s�%��D[�!����Fx���R����j|Dzqd�Y�cCʁ�_Ӡ�[LT���Ψ&�ŇN�P�'�1w]-��6��J��K�e��mh�f$Y�V�^M{I�,,1
iPzgʹg,,1
bR�e}K��lb��3yQ����:},,1
Z=^B01w���M;%��omt�������'C�N6�)QG��)_,,1
�xsPJ�j��O�����3��63��a��)�4�cI�fK4��S�Z8�ݙ�5k�%!�*�u�,,1
İ7p�y�f��P���,,1
�ثt�w��tg�m�N�!��0]?�P���h����0�P~.�srw?���֗�ûR���ު�+����B�����S�{s/c#ҡ�_��\�2�Z��v�ǔs���� T�_�e]�qa�t#+������)A���Eg�Uo8�������,,1
,,1
"`��M�F�G�������V�""""�=����y��i",,1
"e�m�fՖ""NJ���ߥ���eZ��K��rA$",,1
�Ӈ��,,1
"�:qT���	�""",,1
��C���jz<g�%�M�:�$L��K��9�Í+��u݃�i�B�8�8Y���є*��,,1
��A�nM�2����,,1
�k���5,,1
��>W���Ü��+��S�����/(�,,1
P��W����˻Ԇ�,,1
9����m��4�[���B�~�,,1
g�,,1
��\6��TD��,,1
"w�D""�/\��D9��a",,1
�=�t����I{�B_¸O :�i~�ț�2cB@,,1
?�����93 �[e%(��1��b,,1
��Hw3O��q�b��r����g��0�b��,,1
�&PZ�������p�e�,,1
#�M%�X���タm�2���ܸ���j�Q�,,1
3W�m?�܊uk��,,1
"<�S�Kη(���2Ÿ�r_\'�Nd@_nm���g��!��$�""3z��^j*��=�4j",,1
�1N@%؍Z㋁���L~#O�w4��E���c,,1
X5ʾm��nc5�J��;��,,1
��x�N5r�	ж��'��S�ξ�=S�2e�L��0+ڲ��KF����2.�{�r��3,,1
ۉY֨{�}4IJ:�߬���{,,1
"���T;'o#0n���N���6""�|4jb�o�Ŵ����X�I?��~T�P{�P��H��YD� �bS��f���T���M����",,1
mQ{s��񾴞28�Z���r��gϵ� �t<4���a}�W�H�>�,,1
���4���18)S�ZBB��L\a���~��r���v�XR�^�e֑�7p�.|� vG�ǋ,,1
`���.��.�,,1
"Ne�	]��|6DƼ��+E\""{���@�a",,1
|��Nx�h) Z����:#y�1t]$ M�6���|o�ĺ����g6|T+���a�ȃ.�,,1
Yۯ�le���v�]��򋘿�,,1
"�1�3��Ö��XϚ�Q""�h�!���#�V�PR�m",,1
[�=6�,,1
I��,,1
y�e�~ú,,1
ݚ݋�$��)�k�On�����<m�z2w��|�s�&�~�������ܚ/%�������;��ټ��م�U�r��9�~,,1
.qCh��	m谲�D�7�� >xߟ�+���,,1
��ۤB����\1���ҿ�k�:��>��Q|ؑK�'���q��4h�Gy��,,1
�b��tau,,1
9#��XR�9,,1
"�Zˑ%�X�x���Q�C^�T<�3�4(�����H���""��7x",,1
���7,,1
�o�|Z��֝,,1
L�����̫�{�8�)�K���ޔ�Iċ=El�oK�,,1
�JA{b{,,1
*��-8,,1
/����eoS�Yv�]td�:�ƘD�l�Ng,,1
�w,,1
Z�Gًt�hϴI3,,1
"zb�0t��K߻���C{q?�u��7�^""[�O���",,1
�U�%�,,1
�iW��y�;���5(o&��hHw���(�9��|Ѯ��}^�TL��Ӛ&Ϡ�Y� P�S�.,,1
��q��T��Z(Ocz�,,1
�m���;�ކ,,1
��S��M�R�S���j'h�ؑ��M�qGD%�,,1
�8�$��h�2�*]��������*�%�	��r�,,1
u���X7�t]���t�ηo����4��[�T�?&!,,1
�71��������g��I���?����M��+_U���������b��ˌ�8���{}��U�b�{	�Q�!�H���I'q0���,,1
���b��q,,1
���W/՚7���5�6�6[jq��2�~,,1
!}{RJ�����E�wE�}M��A%��.l�/\�h�)D{���$���R?�\�ru}�RA8�,,1
&��H�v�J����$i�qs��Qwҡ8:�*�'Lw�tc��_������3���_0y,,1
"�k�9+���RS-���Z��/�[u&��""���y�>���G��{�3�@��K�U�z��/��N0�}<�UB$><��Ͻ�tKJ�}�XF��(���)j��S7ϸ��lQR�A�4����;G��<\�=X��^��:4Hؤ�������2��v8���ʤ�",,1
�7����%.�+��,,1
�%?��2�jƙYk�J�����G��ǳwo����;,,1
�fq�[dȺS�U�W��	�?�V#C�W��jq,,1
a���9�b��,,1
>������,,1
�e�y�%�м�Y7,,1
�Xۡ��^�,,1
®4[aꭑ��B,,1
�A���j��_ƥ,,1
5,,1
�Q�PX]k;3t�w��\���)t`V���Az.I+}�����Ϭ�	��ħɖiٸ��(�3��~ �*�'Hs��/�����2O�,,1
"���dF���/��4��O��$DVc""��%�z�",,1
�f�P��%q&���D<,,1
�T��G�U�x8�e+(��uC�)}4�,,1
��F��+|�h�z�xL/�T=eH����z�r��<�X6�'�Ӆtl,,1
oo�dm,,1
w�[�ك�V�U�7�Y,,1
Q�,,1
�-@|fL�f�����R��:w����mR�!W��t��7�_�t>�KcԀ�����h#d�&�́�9��wn�����v�EM,,1
����#j���&,,1
�qŗ�S���Jl�^�u#�K4a���gG%��M���1ǵJ�0��O���41�o�PW5Ho`��]�Ǌ��oK�O�����`�G��̉5��f���@pW�%�c�tX�#D�_��� �i#�'��DT����+��ɧ?82��B���UOQ���,,1
O,,1
"д��A!�_{T`R*�i�_����$<�p��""[�YƟ-�!o����@�L��nD&=�9UVW�""�^����Y��������B\=�����a�_T�	͐h�=��",,1
�59���Aۻ�q˥g}�>�2��ח�,,1
B���f8�(Q�o���P\�(���׷�a���I�	.�IU�a`D6��S�8]�5�@���]�.%{T=�8o�|�X�)Y��\b,,1
�g���D��%L2+n�9.e�p��@ogTȶ��tOB��.}z��Wԟ�������,,1
�:�����E�>}V�?�T�������t[�@,,1
5@<�,,1
"c�g�(�������|g���J�È���9z����R�F�PI.;����Uв���Z����OB�3XG�s���e!xM$��.��;A��i{�ΐ""�����C�k�p�A�nYBOÁ��&�� �g�9��$�Q",,1
��Z�,,1
Y�'>@��K�zy�@��I�R�\�4�O>f��Lz�nd��=��	�F�1.dfkMQ�%ǿJ7�����υ���{e���ii��?���W��*;����J,,1
�9L%�l����~�̺�n@����-=��{UP�l���gX霬�D����E�g��P d�m���5l�QF��.�b�TZ��1}�,,1
��k����J����(�^F,,1
�qܶPgA��2�0͈������} ��.[�k��yr�5,,1
��9��) wX�<�x�qsoe��yF�,,1
�E�,,1
B;�>�g���<�d[$p&p,,1
�?��-�5�[���^a,,1
zG�@�Y:@6�����jbf�1#���,,1
�z�d�L������>i<Wx!��ΖbI6�ݕ�e=���\���Rı��s��jV'��9��g-�KL(�tf?�['�w�?A�@�~��l����T��am�,,1
�}�>���;P�&�����+�/O,,1
g�-W�,,1
]�;�ۺр.�K=����,,1
x�.e�_,,1
�z��^�P4%���5�pn��9w�v!v�,,1
}��Sa%�����=?0�NgE�hV�����Ģ���Ax0�x��c�-7R8�z����Gdĺ���Tb�ָ�`���*��O�ť��i=��i�r%H����,,1
N>a(�^�7q�Q�}L[Mq�͚�X�!�:QO�j��خ��?A������H��9,,1
�j�0,,1
pA�|pZ��D�9o�@G�9���j�i��ԏ���!#M�u��b>o5$vucEXe:;8qL�$��K�L>�d� ���@v�k���ui?�?�\4s��m�1ɹ�X8P���}������)��B#�''(f�ɴv�~����ai���q1����,,1
�\U_�L:��1,,1
�HhJ,,1
�;�В[Rs� 9r���`��W��ue���t�!>]�M��}�$�AH+G��,,1
�I�3,,1
����n���[,,1
�`��2��._䙃���C&׍l���Ȏ2��F�-�,,1
4��/Q�{:N��9}�����:�]���J_�vWp�<x�� Zr�Z�,,1
S�A)�u�'�p��O�2�,,1
"��Ro�cZl�훣X����Y�-g͂|���# 6?�ƙ��^Xnọ��}ŕ��P�	�3���fQ�?-~�4<�-�!���� �������������V�i&\��k4?�����j	�d�R6��""c�ZR�I�",,1
بjU0,,1
�M�o,,1
ՠ��r^u���}��x�(�*!�ԑ����_�ƹ}�7c8EnJ��+C/� ��i�+����L����R��Q�M��D�c�{,,1
�o��O�\פ<-1g�?m�����Fc3��/c�_�[�ƼG��3�2�����9@� ~�ify,,1
�j���3Mw8�p�8,,1
%�Y�)p<qJ�w� �����ݞ;E�,,1
��ϭ̡�,,1
��ȓ���Q0�rJ���K�;�q�վ���<Z�wZ��SM�����ި�?�đ�������'.�9�|�e�53̒o�l�366m�o��W����n�,,1
Pf��ӊ�,,1
n�:�غh}*����5����l��yJ�Ҋ'	KԼ�~ԤkSq�k�\a�,,1
����1Q�%��D}Ul�.��d�\R�,,1
R�� w�u����33:���1�2}����Bӈ��5�S��&��j���*aۚZ�#��,,1
u&;�x�q�1�!E�,,1
�H�`;,,1
�,,1
"Ή5��N�vo4�#RW�Ζ嬬�-""",,1
��L�~��o	b)@���*�x�v�*ZG�B�i+����7�?,,1
Z��ሢ���g��3m&�ƶ�Ϗ�������N��DJ�s�G�,,1
Wl���n����>�di�w��)��O�,,1
I��t��h�|�&,,1
�%�8����_��1��S�M�,,1
��G���͑�ҳf��/(��N�.�s�Ft�����n��w��Ғ������s�Q,,1
��������+=�\TskǨC�}�l,,1
���6�?|�Ēe����+%B�=?=���,,1
�4���0M��yqE,,1
IP�qb9���^�ﾝ,,1
�@��I��a,,1
�v�����ç2?~V,,1
�	�����LAӴ�9���,,1
Z��k�g>�1����Lx�u�M��h,,1
T�/��j�c+X��N?���;\��h�oEتU�{��ۛ��Oѥ,,1
��Qm}�7�x�h�AV��=ʂޟ,,1
�Ժ+�#&���ahy�(��,,1
z;j�w�,,1
��اR���8i�	�]1��\��&I1_����,,1
��s܃�p���a�	��#rW�`I�.����/����,,1
e�����|=���B�:�,,1
�F<KT�0FD�+U��Rw|����,,1
"�VC��>����C+��O�����c2�?-;�1�S��Y5�E�|)8�#�""8���)���qg8",,1
"Z��""�Imd|���/",,1
��xb��P��]�g6x�����?.�4���Dp���,,1
�bg{:/(��v���\�]���ݧ��O��a�)^4D���B��ӟ���=]s��Nc�<�+Lo�[��B���̬�ɚn�r6n�A���6��׳��_�)>�Yc,,1
�+aa���P|���*N@4��7r]��-Aȥ��F�Ä!�C��g�x�j��,,1
T=�<�Բi����[��ZM,,1
I@=�*��7(��0�l�S��c*#�Y�,,1
e��î�bH|�۵��%�@�[嵰�^3�9)V�wJ���)S�~�=,,1
ɜ�}�O���[�C9s�@#'VVNf��-��,,1
Ul-l=KV�qz*�6�ί}[�n�$J�R���9�#����%�1�,,1
mi>�H�9�-�$',,1
d��+,,1
Ub,,1
���C�]se�3�F=�,,1
ت6{��ʓ,,1
D���TKe�ifbi,,1
T�,,1
��4�ᾅ��,,1
�1� a���u���3�'[o	�����,,1
I8@�,,1
��JN�y��$,,1
Z^�1�	�Pwh�,,1
�/�R�h(�C��q�̹���p@4�^s�>/,,1
;7ô�����]��t���{Q�dTV�(I�+�C|z�/z5.Z��,,1
�Ѭ�F,,1
"-����瓅4M���gv FI��0޽(�5T�.pPfy^��3���6�����O�$��H�ՙeY���]�����W﫝~��ɒ��&���H/��=���gr�:)XѳBt���gXÆB	K/�[���2�7�s�n5�Z���4��s�͢���(�jx�n�|�[�=��;j������Ρc�c���\Pᏽ^��vS��&�w�m��z�K0�""N-;IoWn(��+�ٌ�~u��%Tƍb����-�!��2����z�0;-���7",,1
r���[�%,,1
"z��D�lvy���Ax%�]3Ȣ���~��Φ	H����z�P.����B�:��wV�ʜ��F�ARkQ�/{`X����01Qb.�!�1�$y*��@l�^+'ƞsV�~XޖII1>�`���(��h��J"")���P?O��M",,1
�n��,,1
T�pf��k,,1
��,,1
��%�N�U�nk�I��A`<Q�NJ���趀��R&�s����,,1
c�ŮV3��l1����σ���Q�YpE4��������~�J���q`��Q,,1
(�a\�&��;�w�����,,1
}�����E�3o��US�B����t|���\o������TzF&��V� L��Ou�y_���#�zT,,1
*��6Xj~WI�~/AkV������C�(W���YmB[�@~��,,1
�)&h~��4�P���)��3��`n�n�,,1
e��5f�c�ӌ	����≝�V$������)�qGl$�3>\,,1
w�C��H��d��YH�Qֵ�%eCOmA���W�A�5n�B,,1
Q�˩y���v��~aL��,,1
ZV��V��4�C4�NP7�[0�,,1
'A�g!F	�+b3�YT;��}Y:��&�)��y���`gh?8����,,1
�3/�h'�J�dm˟m��R��y�P��s,,1
"?�l�����E��d����)""XW�J���HP�V�9�""P��˄�K�",,1
�]��I��̘���<��#�,,1
=!J�eV;���S;ꔛ���v�Lp�;����iO{h��Vw�g�A�~� �S�V������/5�����7.b�����z�!6����hن���P>F�6�³I'�_3Qj#�����tEbG{�]�y{���)�����w,,1
�LD$��We0'�tv��e^�{�e��@��e?��Pww��\�o�r��{�_�Y�,,1
�� 9Mn���(�kt��nE������s;u=	�#��,,1
!j���Y�,,1
��&����-�`�-�~,,1
�b=۞�x��G��f1�,,1
�/3K�,,1
��w:�,,1
�E�̰m�{MK��u#,,1
�ň܎>�A�\-Tś�	ߦ��F.��,,1
"�U%""�VIJD�u���W�۠lX[d+-*�N	�Վ��2��w>@B�~t",,1
��T,,1
���SV��eA@`k��L��l7�_y~Z�vsޘ�c�aI�G�S�%X��*���|o� snF�o&���K�,,1
����7�}�$e,,1
S4�C����v#�x�tڷ�@?�1p=�c3ZL�X����d�,,1
����Q������(�5M�e��:���D�jğV��@������z0L�x,,1
|S*��p֭��lL#��稯d$,,1
p1��J���,,1
iws�Rx��#,,1
"��NX:_�������VT+e�h""�f�h��mX�����S��Q_",,1
�'�wuX�;�k砟c�څ�)FW�C�t2-(^��,,1
��ꕭi^�%+�50,,1
)�����b�q�:[�Km]�!�����7�V���Z�t���,,1
p4�,,1
�B=ʍ�Xs'	�3^�A,,1
"C�02.��X��Uc�_��h�&��""��>�jP�2�����o���_���\i)�~F�^w��",,1
&��G�ٻ��.���{���طRM��K\#�=|�k�A���ׅ��0��,,1
���kM,,1
o�HV@���/�v�N�x�wʻ��0���,,1
Y��j,,1
�w7��Tꕋ�@N�]7�g�CnBX��~,,1
�m�׍�,,1
�3�m6�Է���!,,1
��f�QXB��,,1
"�8�q�M�@��٭U_~""�A�ܒ�2",,1
>;���t�r���߆�>áp�Ī�},,1
%˲o���-	�ᖉ-�1+�u��f�d�k�M��� ��W��y��0ķ�'������M,,1
��'y��,,1
Da�,,1
��TR���*6$�I��d�j|��c;��b:_��Ut��ե�`,,1
���O�������1�|,,1
8#:R�8���n��KpQ92)�J=��.���;ާ���H-�'Ȍ\�D؄��+�Y�)W�d���4�u,,1
Z|�|��o0��.�<�/{ƪqxG����,,1
���o�(,,1
"-1�Uy���z��C��""ֵ�%�S�ֶ�",,1
&I��|���+�(�,,1
d����hC,,1
� ��$�K�¹6(ݠ*t��&�_���*�:�F�jt���H�@�E4�����9��Ʒ9N��I@ڕ���$��߷h����,,1
��zJ����J1C}o��}!7���Ta,,1
Ax�_l�U0)��*��<3Ii�X�CpK��~�*�Nj�h����J�P/�V��0U�,,1
#<Gj�X �,,1
�(������J���)d�m����o�8��Vs##dr�k��WXUi�=���CN��{й�!���n<��s�_/���H�#	�8�k�~�u:7�2,,1
ƺ}љ¹o,,1
���\ZV�-��t���h� �	�,,1
��-X��,,1
�)k��,,1
��Myv��5R�+�;�v��,,1
fua<�m��{�(�e��K˹$��G�&��4�oӉ�,,1
(y��	6�����'�s	���R`�z�qc�XF�ɚ%l.�����*�����ut��_�X�3Pw�u�A��l,,1
��rPĶ�'M�ד����mLN�n�;�I:��F�6��q����8T8AU8	|��y���y'�M�+3�,,1
s�!���6�Z=�˧/�E�91��쳎��q,,1
�4�$�i,,1
����*�צZ�7�QdP,,1
���i,,1
N�l7c��0%���e�#d���~�%����Q���Y*a���uA�,,1
O�A�,,1
����vr�������> p?ҝ����'Ă,,1
��ՅLl��%M�H2Ǳ���������YnC��ď$4��t�J0�֓eY��Z��؈;�\d5����?�C.o[��;�cj�HK�iy�*ً��^5��d�d������ӧ�,,1
V��,,1
"7\KϜ�nWx*۫�""�v��$nu",,1
����Oֲ�3bS*��������62�ʁc[T(��j,,1
�5�� ��9=�}[����h�<m�P�*�:�ܷZDv�3�L�z�G,,1
0�)ʕ��ʠN��>k��J�i�4�)��WfIt�؝�y%�r���Tp5�eCq��AAg}G���J�+wǤ����c��)T̆$��/uV9��|B��<{���m�̍�/�����.���Dm�k!����ew�tc89�Z���)ҪT�,,1
��,,1
"�~�&p�Aͼ~���I�%.�Ep^�&���v�""��'��Guj�=��2����U�D����>��l�/_��ya��9kƜ�P&��*�`[+�V�'�8(���b�Q����z:-W�Q��a͙��A��fy��_H���>�.Q�<|����]	�������>��O�q�?",,1
楟�N� T�i�3���!����W�d��t{�ㅻ��Q<,,1
���^,,1
�>;��,,1
"���	D������듌kp���&a""����`z)p������",,1
v��,,1
�VW�h���1�[�ߤ�Y	���Ø{�hl�mm&+uC*�,,1
8�a�?��,,1
"�a�x9T'�B+{""/p`��",,1
p�F����xV���,,1
��>�C�f7�T[C�>��*���/�0UFQYOF4A}yvV�W�n:$����7�,,1
"TqR=��O����������V�	��)�FW�X�jA�&mR�VvaK�F�X����%N�ے1�ٞ.oĽ���Qj�O��G�'��בd5�lI�����""i�Ŋ䄜�_�eRl��l",,1
x�/�W�,,1
���m^�_�Km����+���_ʺ���D˛�F�-�KĢ�i�@,,1
!��L}&;nYh,,1
*�`�<|�#{,,1
q-�3��HM+[fU֥/�,,1
�=�L�9���H,,1
�Y΁�7���u���g��N���]���gvT�.��P���WY6���=̶{&����c�l}�5]ub�<�I�8�M�`2Y�,,1
��%��*�WQ�,,1
�/�c���ܨ�N{�TĹ�ˍ������嚣-�,,1
����z�dT,,1
��SRUt�A�v�(�|�n8ҭ<�e��]�/�/)���޲=�F�ծ��)vvL6�_F3�4\�0�q������	��4^���W���t�h��Z��,,1
�s�;v�Xy���{D5c,,1
��8IE�lD�'���%���_�NHٍ�q,,1
�<Qz6��y�gNE{�[�q]�2��)_A|~Uc��M'b���#IjJ�h3����A��,,1
����Q��w8		���^���AAڳc<��E9��A1����4䮙 �-�,,1
����>��ӳ0��Q;'���B�Z��}Eؒ�XPѬaɄ]u�e������V)C��,,1
��/9/����%��������!�{�Tɳ,,1
�̕U�,,1
"�C.b0�\6��5�����Q���o*Z�@v���}6`�6��_k[��7�""�����/_Zox��٭��",,1
�X ,,1
�23��J�:Y¯�O,,1
:��<�׳8�Τ�,,1
�t�&�������g�Z�z��,,1
��~#�G,,1
"�""����V�a��",,1
�#�\�&9�#�ZF,,1
;|�kXs�,,1
.1�W,,1
"����]�C���?�N�C�Q���)�HIiH���\""���e�[�y��",,1
"4`SYW�~�P�oǃQ�~��̇��8p���ks̾��)��=�18�bH_�/�H~u��Ĩg�?g��vHK*���""�9*ɢS����d�z�+�V�'���v]D�	�����h�9y�cc���BY",,1
�	�: ⏔��,,1
��j�ύ,,1
dt��Ћ,,1
D��,,1
��in�	W���|����,,1
ҴeH��Im,,1
&Y5,,1
�V��Fryq,,1
�[�9�R,,1
"���!�L���=\$�������t�z""O��tWNo��{����ɭ��7",,1
�#���Co�q{ǒ�%P�<g��ރ�ay ���.)�Ua��@pj}���S���e�B�����N,,1
"WU�""cH�a>K���x�]�Nl�̋������n*��{?s�ӡ�`��s.w<|PS%{""��������v���",,1
-�RF~U����F����&�I�Q��¹,,1
��]��y1S�f��+9Q���C,,1
���M��@�D\�i�{�E��kąR�݇[��:��5i0ed���s�����L8:�,,1
"\""�R�l %QdFXc��}�¯�8�""�� �����QOd��ȅ�9��њ6y�)<t�2�����#�^��ڊc��LA��g��EJ�)�����=��",,1
�<g)���O��P�C�MnT�1���5J���,,1
��\v4�#:�)&߉�i8E�e�Mv�e�[_2s�!�+���C�O�?1�,,1
�Q�d��(�iX ��𼐘��Ή&���a�<�}DO�����A����#��|빴Y�g(rd��SF��j�|Q�(U��^�$1C��PWB��R,,1
c;�43��r��_�[%2L��v���%�|Ɠ),,1
ˋ�ΐ+I�VIU�'QR ��[���g�'�~F2��>��^@[*��y,,1
"�YS""46�嗧!~tt",,1
M8jidy.)��_�\t�HI�Сߦ����>]dxw/,,1
�w}*�_��)G.��X��4~@r,,1
#�,,1
J�N1]!,,1
�	8���?Z!7��a��K�P��-z?��&��u�֤�VZ.,,1
"x""�UN��F3ع0�L",,1
|V,,1
�T���g147��������� ��/C��ݸ�R_*yx~���}��C�,,1
1�㭪�,,1
"c�f�v3���up���H��""���E5V�V�JHa�g���(�f�����Tv��F/�B",,1
"�z�2�~!���ݲ�H�3?:���2w����W�J�˱������sMQ��WU*�V""",,1
9�<౪|^a���Uu��z��֙�,,1
��c�:RV�6�����p�mXD�����NK.	��5�������e�_��^,,1
���~�|g(QA�c,,1
b�i,,1
���d�i)�����t�&2p�U��h���&0X�Z���7,,1
S尓lG�����El�����%�i�EǗ�5p6�+�p�n<I��z6՜��{K���_���Y�����,,1
X�}�_�g��#,,1
k�-b�[��1�^,,1
�~A����~I�]�s|@P�������L4o;e,,1
y!��M,,1
�EU��!�=��M��𹎐�:�^�v��)e��PC��|���ږ��{�T�_�*X��c�5Y�!����J#B��,,1
~�q���I/~?a�>S��1�<��.pָFM)�1%�,,1
0�����4� �6�������-�3��+��.�q�k+�U=�������#�����P1H�J��̡�����#ǨP@�m�}�����ˀ�Hg~j�Y���^�(�+�[z���a��V͌�+��*���9�F�{c��P�쀿��5���gT`k,,1
�b,,1
:�X��nP`�f[k<����7v���}X���Lpز5>�i�O�Ty�2`�}��W$�,,1
(�)qS����,,1
�V^����3����QW_Z��4���~DU�K���`9b 	���1�5\�ˋ�,,1
���5�ۚ�ah�,,1
"��G�<��""4�7��Nz�~�+����tO[urI&�",,1
݃³�`������=��ր|��ׯ1,,1
k٪�},,1
��O*J$��ٙ��*.����8g���j;������	4BL	e�!�ٟ.j������)�F䃐���::	�Ԥ�|�I�Y��ㆨ�%%ad�V-�Y,,1
"�����6�����S"") �������X�M=�E��4���Y9��C���;���1",,1
��m�zz��\���OЯ��m�L��1�L�!�1���G�N헽�C�zcl!��{I�V��L�~�1b,,1
W>>�9��R��傍����fף���;PU�(<W���/�����=G�Z3�i?A���(&9���,,1
�6ɾ||*ow5����D:贓��������U������Iq�X����!*��PIۙ�~k,,1
t��'�$��_J�FY�pخ�Z�e�l#I)�iW��5�:�!��ϝ��g�z]׶�`H�uˑ7^}$ڏnp�vv�ߴɯB��` ���;r��X8u~�3鼥��E,,1
����MfئAY��Zm,,1
8��K�\J':�e�'T/M���2iW��|�^��O���[��6��7�ыb��R���X��xS>s'�L�+GFT�J�?ܫ�'�t2��h�.]�%/��,,1
�Hu��,,1
Z��:C1�}9�����	��B`<�u%ڣ{�F��	`�k��f%�{`�6���a�Ne�`�z�7'm�T`m�OwC+�G�9��f�D�,,1
~��e۰�)�3�uҡe2fF��j��bY����luv�3��'�w���Xw)9��ڐ*�����,,1
"���dS�F��ޱ�s��_�/�M�G�fQ""{l��",,1
�Q�,,1
@��+�`%�G�1�,,1
�V��,,1
�飿Vg1镟(p�P轎~���������M:ہ���,,1
[yi�?�eG�`Z=�]jF-�o�vb�,,1
N�Y���I�H#+��)�.`�A�ư�C��I��C[�^u�&vo�����}�����[��n5��+�2e�]�ɼ� P�+v�Zlv,,1
�0o�,,1
���uG)9U=�#�]��h��i��K��Zi�@:�5C��k[~h�*�<g��������@��@`'����;�v����E78,,1
�o-.	ݣ,,1
��]ʖ;&弽d���c?�L�����<,,1
5��mt��S[�9U��VkJ�a�B��Q��N?�,,1
����P)R{֛աJ1��] و��a�,,1
lk&~΋[_��_����,,1
8�����9�0�)�ɗ��^i�tI�,,1
������XܟA��/\CJ������њ,,1
�[^<��gq�+͜�b>`�B ����N���凶���,,1
�ClX`mI,,1
�]I?�(��ni`qF�+��o�.jL-˃*�1��N�d���@�+��L?m,,1
"@�G��C[�""z��j�d�oz����>󁿋	��z/T�����L�c�Fj��",,1
k&��P�C�,,1
/_z,,1
Ê�.㳉�,,1
���@�{�c��zlީ��x,,1
��o�,,1
"�O�""M�lK0�)s&uw�&�P�A��p�k����ɍV��󷃲�I�",,1
��2AwM��ԉ,,1
"�w}�|Ǒ뗚A��""�Y2Ƭ�",,1
���H3��F9����In��e���Ԩł����nL�#������V��M��/odE,,1
�Ϻ������O,,1
����7��GVQɱ��RoZ�m�W�d�]՛&��?`�Q��b���3,,1
"��g$��)K�eE�2ҠWW�I��""���=�l�ɜ�G��Ě�|�u��5A���!M��x�J��_~�S���#��œ�)�K��Y��Q���B71�EŰX",,1
���w��)CBK�9�j�̐|fz�ܭb�L\0V�sș�F,,1
"�Wro��ѵ�_���k�*�h��-+���A�!'��c���$�O�`$i�w�'���8a""̣���-<��}�EAhA�0���>�$��wwC�9A�5����(��J��P��_��._�t�>ִW�պ��l�K�>���_v���=�����Ru�L3���",,1
���K��O��,,1
KI���W�d<|`5;���gW�o��xC\�Q=�=WL����\�K�o�w���,,1
í���2ƥxS�=�,,1
H_���9�Q<׉D&5�6*�m7�P�2��,,1
�swu����_YC �yG,,1
韎X@���}rW�[�*FX-�g�%�����ȅ��S�t��ʿ�cip ��#T��rL8p�,,1
�WQ�~V��>��.G��:Z�Qƛ�8=��p�&܌i�&���X�ݨ�*����}*}&�S6�E��4-Z,,1
?)������éZ|�����g��J1.1 �	�����>��H,,1
"Ϳ��^�p�S\����B��I��Ȳ�Q'��?]��O(����c���*�<�?�(���E���=^l/���a߄�7K=>�`�j������z7U��xK��/�Yӧ�^�fbYlT��I�^-+�!Ѡ�̳���E}�""|9E���Y",,1
s^�֕qkbU,,1
�JET'����,,1
ԉN'����+��}�r>�;�^�,,1
"���lA�x�	h�/o����X�C'ګ]����La�j�""�",,1
��\k���qD��7#�d�cE�`k�r�6��;��F�cB��,,1
}�/�d��e,,1
�hL&�ST�,,1
:���v�\R�,,1
"���0���M�""��",,1
Su��W�ܙ���,,1
o{wELn�,,1
�r9�as��޺�E��ܡ���6Ѯ��3�e���Mfd���%E���.�ku]���M������L�eE������n<�ut�  ����K�(@����ل���u�Dd,,1
"����6�B""���w:��s<=�_�(0�*�H���Ĵ�&�8G�>+x�v",,1
